Company Name,Company Name-Apollo,# Employees,Industry,Website,Company Linkedin Url,Company City,Company State,Annual Revenue,SIC Codes,Prerequisite: Determine Research Guidelines,Qualify Account,Prerequisite: Research Target Company
Cloud for Good,Cloud for Good-Apollo,230,information technology & services,http://www.cloud4good.com,http://www.linkedin.com/company/cloud-for-good,Asheville,North Carolina,27200000,7389,,,
Aircall,Aircall-Apollo,700,information technology & services,http://www.aircall.io,http://www.linkedin.com/company/aircall,New York,New York,175000000,7375,,,
TO Brasil,TO Brasil-Apollo,460,information technology & services,http://www.to-brasil.com,http://www.linkedin.com/company/tobrasiloficial,Rio de Janeiro,State of Rio de Janeiro,,7375,,,
Enterprise Solutions Inc.,Enterprise Solutions Inc.-Apollo,570,information technology & services,http://www.enterprisesolutioninc.com,http://www.linkedin.com/company/enterprise-solution-inc-,Warrenville,Illinois,110000000,7371,,,
CoverMyMeds,CoverMyMeds-Apollo,1800,information technology & services,http://www.covermymeds.health,http://www.linkedin.com/company/covermymeds,Columbus,Ohio,361300000,7375,,,
Intercom,Intercom-Apollo,2000,information technology & services,http://www.intercom.com,http://www.linkedin.com/company/intercom,San Francisco,California,343000000,7375,,,
Elemica,Elemica-Apollo,440,information technology & services,http://www.elemica.com,http://www.linkedin.com/company/elemica,Atlanta,Georgia,75000000,7373,,,
CSI,CSI-Apollo,1300,information technology & services,http://www.csiweb.com,http://www.linkedin.com/company/computer-services-inc-,Paducah,Kentucky,316648000,6199,,,
"Bart & Associates, Inc.","Bart & Associates, Inc.-Apollo",470,information technology & services,http://www.bna-inc.com,http://www.linkedin.com/company/bart-associates,McLean,Virginia,45988000,7375,,,
HyTechPro,HyTechPro-Apollo,330,information technology & services,http://www.hytechpro.com,http://www.linkedin.com/company/hytechpro,Noida,Uttar Pradesh,100000000,7375,,,
Celigo,Celigo-Apollo,740,information technology & services,http://www.celigo.com,http://www.linkedin.com/company/celigo-inc,Redwood City,California,92000000,7375,,,
Lone Wolf Technologies,Lone Wolf Technologies-Apollo,790,information technology & services,http://www.lwolf.com,http://www.linkedin.com/company/getlwolf,Dallas,Texas,86700000,6799,,,
Aeonvis,Aeonvis-Apollo,210,information technology & services,http://www.aeonvis.com,http://www.linkedin.com/company/aeonvis,Milan,Lombardy,,7375,,,
"Datacor, Inc.","Datacor, Inc.-Apollo",290,information technology & services,http://www.datacor.com,http://www.linkedin.com/company/datacorinc,Florham Park,New Jersey,57000000,3825,,,
CSP Tech,CSP Tech-Apollo,310,information technology & services,http://www.csptech.com.br,http://www.linkedin.com/company/csp-tech,Rio de Janeiro,State of Rio de Janeiro,,7375,,,
Apex IT,Apex IT-Apollo,320,information technology & services,http://www.apexit.com,http://www.linkedin.com/company/apex-it,Denver,Colorado,62200000,7375,,,
Grazitti Interactive,Grazitti Interactive-Apollo,1200,information technology & services,http://www.grazitti.com,http://www.linkedin.com/company/grazitti-interactive,Panchkula,Haryana,153200000,7375,,,
Sigma Technology Group,Sigma Technology Group-Apollo,1100,information technology & services,http://www.sigmatechnology.com,http://www.linkedin.com/company/sigma-technology-ab,Gothenburg,Vaestra Goetaland County,,7375,,,
Marketdata,Marketdata-Apollo,580,management consulting,http://www.marketdata.com.br,http://www.linkedin.com/company/marketdata,Sao Paulo,State of Sao Paulo,55500000,7311,,,
Ceiba Software,Ceiba Software-Apollo,550,information technology & services,http://www.ceiba.com.co,http://www.linkedin.com/company/ceibasoftware,Medellin,Antioquia,65000,7375,,,
BEGEAR,BEGEAR-Apollo,250,information technology & services,http://www.begear.it,http://www.linkedin.com/company/begear,Naples,Campania,8000000,7375,,,
Finesse Global,Finesse Global-Apollo,260,information technology & services,http://www.finessedirect.com,http://www.linkedin.com/company/finesse-fz-llc,Dubai,Dubai,5450000,7375,,,
K2 Partnering Solutions,K2 Partnering Solutions-Apollo,1400,information technology & services,http://www.k2partnering.com,http://www.linkedin.com/company/k2-partnering-solutions,London,England,18000000,7375,,,
Nakupuna Companies,Nakupuna Companies-Apollo,1100,management consulting,http://www.nakupuna.com,http://www.linkedin.com/company/nakupunacompanies,Honolulu,Hawaii,314200000,8741,,,
Sofka Technologies,Sofka Technologies-Apollo,1200,information technology & services,http://www.sofka.com.co,http://www.linkedin.com/company/sofka-technologies,Miami,Florida,55500000,7371,,,
SCC Soft Computer,SCC Soft Computer-Apollo,1300,information technology & services,http://www.softcomputer.com,http://www.linkedin.com/company/scc-soft-computer,Clearwater,Florida,140000000,7375,,,
Digital Profit,Digital Profit-Apollo,210,information technology & services,http://www.samtel.co,http://www.linkedin.com/company/samtel-consultores-colombia,Pak Kret,Nonthaburi,,7371,,,
TQuanta Inc,TQuanta Inc-Apollo,260,information technology & services,http://www.tquanta.com,http://www.linkedin.com/company/tquanta,Hyderabad,Telangana,,7375,,,
Testing Mavens,Testing Mavens-Apollo,320,information technology & services,http://www.testingmavens.com,http://www.linkedin.com/company/testing-mavens,Piscataway Township,New Jersey,40700000,7375,,,
Ideagen,Ideagen-Apollo,700,information technology & services,http://www.ideagen.com,http://www.linkedin.com/company/ideagen,Nottingham,England,90697000,8742,,,
Minute Media,Minute Media-Apollo,480,information technology & services,http://www.minutemedia.com,http://www.linkedin.com/company/minute-media,New York,New York,320000000,2711,,,
Dye & Durham Corporation,Dye & Durham Corporation-Apollo,1200,information technology & services,http://www.dyedurham.com,http://www.linkedin.com/company/dyedurhamcorporation,Toronto,Ontario,322277000,7375,,,
Tekskills Inc.,Tekskills Inc.-Apollo,660,information technology & services,http://www.tekskillsinc.com,http://www.linkedin.com/company/tekskills-inc,Princeton,New Jersey,109500000,7372,,,
Blueflame Labs,Blueflame Labs-Apollo,210,information technology & services,http://www.theblueflamelabs.com,http://www.linkedin.com/company/blueflamelabs,Pune,Maharashtra,,7375,,,
Eightfold AI,Eightfold AI-Apollo,630,information technology & services,http://www.eightfold.ai,http://www.linkedin.com/company/eightfoldai,Santa Clara,California,405600000,7375,,,
Vanta,Vanta-Apollo,1700,information technology & services,http://www.vanta.com,http://www.linkedin.com/company/vanta-security,San Francisco,California,220000000,7375,,,
Tential Solutions,Tential Solutions-Apollo,480,information technology & services,http://www.tential.com,http://www.linkedin.com/company/tential,Annapolis,Maryland,79900000,7375,,,
Housecall Pro,Housecall Pro-Apollo,1300,information technology & services,http://www.housecallpro.com,http://www.linkedin.com/company/housecallpro,Denver,Colorado,250000000,7375,,,
Konica Minolta Business Solutions Canada,Konica Minolta Business Solutions Canada-Apollo,520,information technology & services,http://www.konicaminolta.ca,http://www.linkedin.com/company/konica-minolta-business-solutions-canada,Mississauga,Ontario,,7375,,,
Pmweb,Pmweb-Apollo,310,information technology & services,http://www.pmweb.com.br,http://www.linkedin.com/company/pmweb,Sao Paulo,State of Sao Paulo,3732000,7375,,,
PwC New Zealand,PwC New Zealand-Apollo,1700,management consulting,http://www.pwc.co.nz,http://www.linkedin.com/company/pwc-new-zealand,Auckland,Auckland,244000000,,,,
Sopra Financial Technology,Sopra Financial Technology-Apollo,220,information technology & services,http://www.sopra-financial-technology.com,http://www.linkedin.com/company/sopra-financial-technology,Nuremberg,Bavaria,33700000,7375,,,
Free2move,Free2move-Apollo,480,information technology & services,http://www.free2move.com,http://www.linkedin.com/company/free2move,Paris,Ile-de-France,50000000,,,,
Origence,Origence-Apollo,530,information technology & services,http://www.origence.com,http://www.linkedin.com/company/origencecompany,Irvine,California,96400000,,,,
Motorista PX,Motorista PX-Apollo,840,information technology & services,http://www.motoristapx.com.br,http://www.linkedin.com/company/motoristapx,Joinville,Santa Catarina,29000000,4731,,,
NTConsult,NTConsult-Apollo,480,information technology & services,http://www.ntconsultcorp.com,http://www.linkedin.com/company/ntconsult,Porto Alegre,State of Rio Grande do Sul,,7375,,,
株式会社ネクストビート,株式会社ネクストビート-Apollo,370,information technology & services,http://www.nextbeat.co.jp,http://www.linkedin.com/company/%e6%a0%aa%e5%bc%8f%e4%bc%9a%e7%a4%be%e3%83%8d%e3%82%af%e3%82%b9%e3%83%88%e3%83%93%e3%83%bc%e3%83%88,Shibuya City,Tokyo,2000000,,,,
QUANTEAM (RAINBOW PARTNERS Group),QUANTEAM (RAINBOW PARTNERS Group)-Apollo,350,information technology & services,http://www.quanteam.fr,http://www.linkedin.com/company/quanteam,Neuilly-sur-Seine,Ile-de-France,141000000,8731,,,
Spindox,Spindox-Apollo,1200,information technology & services,http://www.spindox.it,http://www.linkedin.com/company/spindox,Milan,Lombardy,,7375,,,
The Movement,The Movement-Apollo,430,online media,http://www.movement.college,http://www.linkedin.com/company/the-movement-college,San Diego,California,76300000,7375,,,
adesso business consulting AG,adesso business consulting AG-Apollo,880,management consulting,http://www.adesso-bc.com,http://www.linkedin.com/company/adesso-business-consulting-ag,Hamburg,Hamburg,,7375,,,
Relanto,Relanto-Apollo,640,management consulting,http://www.relanto.ai,http://www.linkedin.com/company/relanto-inc,Seattle,Washington,61500000,7375,,,
Takeaway.com,Takeaway.com-Apollo,600,information technology & services,http://www.takeaway.com,http://www.linkedin.com/company/takeaway-com,Amsterdam,Noord-Holland,265700000,7375,,,
Radiant Systems Inc,Radiant Systems Inc-Apollo,740,information technology & services,http://www.radiants.com,http://www.linkedin.com/company/radiantsystemsinc,Plainsboro Township,New Jersey,100000000,7375,,,
Shiftmove,Shiftmove-Apollo,360,information technology & services,http://www.shiftmove.com,http://www.linkedin.com/company/shiftmove,Berlin,Berlin,,7375,,,
Excelon Solutions,Excelon Solutions-Apollo,380,information technology & services,http://www.excelonsolutions.com,http://www.linkedin.com/company/excelon-solutions,Carrollton,Texas,,7375,,,
Bridgenext,Bridgenext-Apollo,2000,information technology & services,http://www.bridgenext.com,http://www.linkedin.com/company/bridgenext,Jacksonville,Florida,384500000,7375,,,
Demae-can,Demae-can-Apollo,390,information technology & services,http://www.demae-can.com,http://www.linkedin.com/company/demae-can,Shibuya,Tokyo,270146000,5812,,,
Mobilize.Net 2012-2023,Mobilize.Net 2012-2023-Apollo,500,information technology & services,http://www.gapvelocity.ai,http://www.linkedin.com/company/mobilize-acquired-by-snowflake-and-growth-acceleration-partners,Bellevue,Washington,4656000,,,,
ClickHouse,ClickHouse-Apollo,300,information technology & services,http://www.clickhouse.com,http://www.linkedin.com/company/clickhouseinc,Palo Alto,California,96000000,3571,,,
Lupus Consulting,Lupus Consulting-Apollo,220,information technology & services,http://www.lupusconsulting.com,http://www.linkedin.com/company/lupus-consulting,Budapest,Budapest,,7375,,,
Kindsight,Kindsight-Apollo,340,information technology & services,http://www.kindsight.io,http://www.linkedin.com/company/kindsightio,Scottsdale,Arizona,5000000,7389,,,
Evoke Technologies,Evoke Technologies-Apollo,1300,information technology & services,http://www.evoketechnologies.com,http://www.linkedin.com/company/evoke-technologies,Dayton,Ohio,95600000,7371,,,
"RIVA Solutions, Inc.","RIVA Solutions, Inc.-Apollo",220,information technology & services,http://www.rivasolutionsinc.com,http://www.linkedin.com/company/riva-solutions-inc-,Reston,Virginia,35100000,7379,,,
"Software Guidance & Assistance, Inc. (SGA, Inc.)","Software Guidance & Assistance, Inc. (SGA, Inc.)-Apollo",470,staffing & recruiting,http://www.sgainc.com,http://www.linkedin.com/company/software-guidance-&-assistance,Tarrytown,New York,31600000,7372,,,
Real-Time Innovations (RTI),Real-Time Innovations (RTI)-Apollo,480,information technology & services,http://www.rti.com,http://www.linkedin.com/company/rti,Sunnyvale,California,29000000,3661,,,
Qim info,Qim info-Apollo,520,information technology & services,http://www.qiminfo.ch,http://www.linkedin.com/company/qim-info,Carouge,Geneva,80300000,7375,,,
Technoidentity,Technoidentity-Apollo,230,information technology & services,http://www.technoidentity.com,http://www.linkedin.com/company/technoidentity,Richardson,Texas,29000000,7375,,,
Lumenalta,Lumenalta-Apollo,580,information technology & services,http://www.lumenalta.com,http://www.linkedin.com/company/lumenalta,New York,New York,5000000,7375,,,
CallRail,CallRail-Apollo,310,information technology & services,http://www.callrail.com,http://www.linkedin.com/company/callrail,Atlanta,Georgia,100000000,7375,,,
WebPT,WebPT-Apollo,800,information technology & services,http://www.webpt.com,http://www.linkedin.com/company/webpt,Phoenix,Arizona,120000000,3571,,,
Infoplus Technologies UK Limited,Infoplus Technologies UK Limited-Apollo,450,information technology & services,http://www.infoplusltd.co.uk,http://www.linkedin.com/company/infoplus-technologies-uk-limited,Borehamwood,England,27000000,7375,,,
Synergy,Synergy-Apollo,850,information technology & services,http://www.synergybis.com,http://www.linkedin.com/company/synergy-bis,Reston,Virginia,34600000,7375,,,
ilionx,ilionx-Apollo,1500,information technology & services,http://www.ilionx.com,http://www.linkedin.com/company/ilionx,Utrecht,Utrecht,167000000,7375,,,
Veriforce,Veriforce-Apollo,440,information technology & services,http://www.veriforce.com,http://www.linkedin.com/company/veriforce-llc,Spring,Texas,71000000,8742,,,
Noesis,Noesis-Apollo,1400,information technology & services,http://www.noesis-corporation.com,http://www.linkedin.com/company/noesis-portugal,Lisboa,,79000000,7375,,,
Carwow,Carwow-Apollo,570,information technology & services,http://www.carwow.co.uk,http://www.linkedin.com/company/carwow,,England,107000000,7359,,,
Foundation Software,Foundation Software-Apollo,270,information technology & services,http://www.foundationsoft.com,http://www.linkedin.com/company/foundation-software,Strongsville,Ohio,150000000,8711,,,
Kellton,Kellton-Apollo,1400,information technology & services,http://www.kellton.com,http://www.linkedin.com/company/kellton,Hyderabad,Telangana,128510000,7371,,,
PatientPoint®,PatientPoint®-Apollo,680,information technology & services,http://www.patientpoint.com,http://www.linkedin.com/company/patientpoint,Cincinnati,Ohio,157500000,8731,,,
idealista,idealista-Apollo,1400,information technology & services,http://www.idealista.com,http://www.linkedin.com/company/idealista-com,Madrid,Community of Madrid,313000000,6531,,,
Kforce Inc,Kforce Inc-Apollo,1700,information technology & services,http://www.kforce.com,http://www.linkedin.com/company/kforce,Tampa,Florida,1329007000,7361,,,
Banyan Software,Banyan Software-Apollo,240,information technology & services,http://www.banyansoftware.com,http://www.linkedin.com/company/banyan-software-llc,Atlanta,Georgia,124000000,6732,,,
Tekshapers,Tekshapers-Apollo,570,information technology & services,http://www.tekshapers.com,http://www.linkedin.com/company/tekshapers-inc,Troy,Michigan,10555000,7375,,,
OneStream Software,OneStream Software-Apollo,1500,information technology & services,http://www.onestream.com,http://www.linkedin.com/company/onestream-software,Birmingham,Michigan,601934000,7373,,,
The HT Group,The HT Group-Apollo,230,staffing & recruiting,http://www.thehtgroup.com,http://www.linkedin.com/company/the-ht-group,Austin,Texas,12849000,7361,,,
Augusta Hitech,Augusta Hitech-Apollo,220,information technology & services,http://www.augustahitech.com,http://www.linkedin.com/company/augusta-hitech,Plano,Texas,7597000,7375,,,
Tech Observer,Tech Observer-Apollo,320,management consulting,http://www.tech-observer.com,http://www.linkedin.com/company/tech-observer,Paramus,New Jersey,77200000,8731,,,
ALTEN Germany,ALTEN Germany-Apollo,1700,information technology & services,http://www.alten-germany.de,http://www.linkedin.com/company/altengermany,Munich,Bavaria,300000000,8711,,,
World 50 Group,World 50 Group-Apollo,440,management consulting,http://www.world50.com,http://www.linkedin.com/company/world50,Atlanta,Georgia,21000000,8699,,,
North Highland,North Highland-Apollo,2000,management consulting,http://www.northhighland.com,http://www.linkedin.com/company/northhighland,Atlanta,Georgia,600000000,8742,,,
DeWinter Group,DeWinter Group-Apollo,230,staffing & recruiting,http://www.dewintergroup.com,http://www.linkedin.com/company/dewinter-group,Campbell,California,32000000,7361,,,
InfoObjects Inc.,InfoObjects Inc.-Apollo,270,information technology & services,http://www.infoobjects.com,http://www.linkedin.com/company/infoobjects,San Jose,California,15899000,7375,,,
Global Relay,Global Relay-Apollo,1700,information technology & services,http://www.globalrelay.com,http://www.linkedin.com/company/global-relay,Vancouver,British Columbia,189000000,7371,,,
Aeries Technology,Aeries Technology-Apollo,1700,information technology & services,http://www.aeriestechnology.com,http://www.linkedin.com/company/aeries-technology,Mumbai,Maharashtra,70198000,7375,,,
BETSOL,BETSOL-Apollo,600,information technology & services,http://www.betsol.com,http://www.linkedin.com/company/betsol,Broomfield,Colorado,67200000,7375,,,
Alpha FMC,Alpha FMC-Apollo,1100,management consulting,http://www.alphafmc.com,http://www.linkedin.com/company/alpha-financial-markets-consulting,,England,297125000,8742,,,
ITX Corp.,ITX Corp.-Apollo,340,information technology & services,http://www.itx.com,http://www.linkedin.com/company/itx-corp,Rochester,New York,4628000,7371,,,
Jade Global,Jade Global-Apollo,2000,information technology & services,http://www.jadeglobal.com,http://www.linkedin.com/company/jade-global,San Jose,California,357900000,7375,,,
AssistRx,AssistRx-Apollo,1200,information technology & services,http://www.assistrx.com,http://www.linkedin.com/company/assistrx,Maitland,Florida,119200000,8731,,,
VaporVM,VaporVM-Apollo,210,information technology & services,http://www.vaporvm.com,http://www.linkedin.com/company/vaporvm,Dubai,Dubai,7000000,7375,,,
ideaHelix,ideaHelix-Apollo,220,information technology & services,http://www.ideahelix.com,http://www.linkedin.com/company/ideahelix-inc,Fremont,California,25700000,7375,,,
Procom,Procom-Apollo,1300,information technology & services,http://www.procomservices.com,http://www.linkedin.com/company/procom,Toronto,Ontario,325000000,7361,,,
TekFriday Processing Solutions Pvt Ltd,TekFriday Processing Solutions Pvt Ltd-Apollo,280,information technology & services,http://www.tekfriday.com,http://www.linkedin.com/company/tekfriday,Nashville,Tennessee,,7389,,,
Fission Labs,Fission Labs-Apollo,410,information technology & services,http://www.fissionlabs.com,http://www.linkedin.com/company/fission-labs,Sunnyvale,California,19064000,7375,,,
Lirik Inc.,Lirik Inc.-Apollo,380,information technology & services,http://www.lirik.io,http://www.linkedin.com/company/lirik-inc,Milpitas,California,,7375,,,
First Due,First Due-Apollo,470,information technology & services,http://www.firstdue.com,http://www.linkedin.com/company/firstdue,Garden City,New York,65500000,3661,,,
ITMAGINATION,ITMAGINATION-Apollo,400,information technology & services,http://www.itmagination.com,http://www.linkedin.com/company/itmagination,Warszawa,woj. mazowieckie,39900000,7375,,,
Smart Communications.,Smart Communications.-Apollo,450,information technology & services,http://www.smartcommunications.com,http://www.linkedin.com/company/smart-communications-,London,,37000000,7375,,,
Infinity Quest,Infinity Quest-Apollo,400,information technology & services,http://www.i-q.co,http://www.linkedin.com/company/infinityquest,Solihull,England,54400000,7375,,,
UVeye,UVeye-Apollo,310,information technology & services,http://www.uveye.com,http://www.linkedin.com/company/uveye,Teaneck,New Jersey,64500000,3711,,,
Qvest Global,Qvest Global-Apollo,460,information technology & services,http://www.qvest.com,http://www.linkedin.com/company/qvest-group,Cologne,North Rhine-Westphalia,,,,,
GTS Technology Solutions,GTS Technology Solutions-Apollo,350,information technology & services,http://www.gts-ts.com,http://www.linkedin.com/company/gts-technology-solutions,Austin,Texas,57800000,7371,,,
Resillion,Resillion-Apollo,470,information technology & services,http://www.resillion.com,http://www.linkedin.com/company/resillion,London,,19000000,7375,,,
mindit.io,mindit.io-Apollo,250,information technology & services,http://www.mindit.io,http://www.linkedin.com/company/mindit-io,Zug,Canton of Zug,9400000,7375,,,
One Identity,One Identity-Apollo,730,information technology & services,http://www.oneidentity.com,http://www.linkedin.com/company/one-identity,Aliso Viejo,California,62800000,"7372, 7373",,,
Spektra Systems,Spektra Systems-Apollo,320,information technology & services,http://www.spektrasystems.com,http://www.linkedin.com/company/spektrasystems,Redmond,Washington,40800000,7375,,,
Coates Group,Coates Group-Apollo,410,information technology & services,http://www.coatesgroup.com,http://www.linkedin.com/company/coatesgroup,Sydney,New South Wales,72300000,7375,,,
Cap4 Lab,Cap4 Lab-Apollo,250,information technology & services,http://www.cap4lab.com,http://www.linkedin.com/company/cap4lab,Bertrange,Luxembourg,,7375,,,
Gainsight,Gainsight-Apollo,1100,information technology & services,http://www.gainsight.com,http://www.linkedin.com/company/gainsight,San Francisco,California,200000000,7375,,,
OutSystems,OutSystems-Apollo,2000,information technology & services,http://www.outsystems.com,http://www.linkedin.com/company/outsystems,Boston,Massachusetts,563000000,7375,,,
Pasquali Solution,Pasquali Solution-Apollo,220,information technology & services,http://www.pasqualisolution.com.br,http://www.linkedin.com/company/pasquali-solution-tech,Sao Paulo,State of Sao Paulo,,7375,,,
Programmers.io,Programmers.io-Apollo,1100,information technology & services,http://www.programmers.io,http://www.linkedin.com/company/programmers-io,Dallas,Texas,30200000,7375,,,
Dot Compliance,Dot Compliance-Apollo,220,information technology & services,http://www.dotcompliance.com,http://www.linkedin.com/company/dot-compliance,Phoenix,Arizona,9000000,3825,,,
Smarsh,Smarsh-Apollo,1500,information technology & services,http://www.smarsh.com,http://www.linkedin.com/company/smarsh,Portland,Oregon,186400000,7375,,,
CFS,CFS-Apollo,890,staffing & recruiting,http://www.cfstaffing.com,http://www.linkedin.com/company/creative-financial-staffing-cfs,Boston,Massachusetts,136800000,7361,,,
Prometheus Group,Prometheus Group-Apollo,1200,information technology & services,http://www.prometheusgroup.com,http://www.linkedin.com/company/prometheusgroup,Raleigh,North Carolina,255100000,3621,,,
AVOS Tech | Chile,AVOS Tech | Chile-Apollo,240,information technology & services,http://www.solunegocios.com,http://www.linkedin.com/company/avostech-chile,Santiago,Santiago Metropolitan Region,,7375,,,
Datum,Datum-Apollo,400,information technology & services,http://www.datumit.com,http://www.linkedin.com/company/datumti,Porto Alegre,State of Rio Grande do Sul,,7371,,,
Intellectt Inc,Intellectt Inc-Apollo,460,information technology & services,http://www.intellectt.com,http://www.linkedin.com/company/intellecttinc,Woodbridge Township,New Jersey,68100000,8731,,,
Raas Infotek,Raas Infotek-Apollo,210,information technology & services,http://www.raasinfotek.com,http://www.linkedin.com/company/raasinfotek,Newark,Delaware,,7375,,,
Amtex Systems Inc,Amtex Systems Inc-Apollo,780,information technology & services,http://www.amtexsystems.com,http://www.linkedin.com/company/amtex-systems-inc,New York,New York,30000000,7371,,,
Statista,Statista-Apollo,1400,information technology & services,http://www.statista.com,http://www.linkedin.com/company/statista,Hamburg,Hamburg,174000000,7375,,,
CarOnSale,CarOnSale-Apollo,230,information technology & services,http://www.caronsale.com,http://www.linkedin.com/company/caronsale,Berlin,Berlin,,7359,,,
STRATESYS,STRATESYS-Apollo,1700,information technology & services,http://www.stratesys-ts.com,http://www.linkedin.com/company/stratesys,,,135000000,7375,,,
G2O,G2O-Apollo,210,information technology & services,http://www.g2o.com,http://www.linkedin.com/company/team-g2o,Dublin,Ohio,42496000,8742,,,
Auvik,Auvik-Apollo,330,computer networking,http://www.auvik.com,http://www.linkedin.com/company/auvik,Waterloo,Ontario,144400000,3571,,,
Cambridge Technology Enterprises Limited,Cambridge Technology Enterprises Limited-Apollo,290,information technology & services,http://www.cambridgetech.com,http://www.linkedin.com/company/cambridge-technology,Peachtree Corners,Georgia,23285000,7375,,,
Krazy Mantra Group of Companies,Krazy Mantra Group of Companies-Apollo,270,information technology & services,http://www.krazymantra.com,http://www.linkedin.com/company/krazymantragroup,Ahmedabad,Gujarat,38100000,7380,,,
Hard Rock Digital,Hard Rock Digital-Apollo,810,information technology & services,http://www.hardrockdigital.com,http://www.linkedin.com/company/hardrockdigital,Hollywood,Florida,162000000,7933,,,
Investissement Québec,Investissement Québec-Apollo,1400,management consulting,http://www.investquebec.com,http://www.linkedin.com/company/investissement-quebec,Montreal,Quebec,8000000,6799,,,
DBiz.ai,DBiz.ai-Apollo,590,information technology & services,http://www.dbiz.ai,http://www.linkedin.com/company/dbizsolutions,Sydney,New South Wales,80800000,7371,,,
Glean,Glean-Apollo,1300,information technology & services,http://www.glean.com,http://www.linkedin.com/company/gleanwork,Palo Alto,California,200000000,7375,,,
Make,Make-Apollo,530,information technology & services,http://www.make.com,http://www.linkedin.com/company/itsmakehq,Prague,Hlavni mesto Praha,52600000,7375,,,
Malt,Malt-Apollo,1700,information technology & services,http://www.malt.com,http://www.linkedin.com/company/maltcommunity,Paris,Ile-de-France,833000000,7375,,,
Certinia,Certinia-Apollo,950,information technology & services,http://www.certinia.com,http://www.linkedin.com/company/certinia,Austin,Texas,140000000,7375,,,
Eraneos,Eraneos-Apollo,1300,management consulting,http://www.eraneos.com,http://www.linkedin.com/company/eraneos,Zurich,Zurich,274000000,8742,,,
Hitachi Digital,Hitachi Digital-Apollo,510,information technology & services,http://www.hitachidigital.com,http://www.linkedin.com/company/hitachidigital,Southwick,Massachusetts,,7375,,,
Lightedge,Lightedge-Apollo,350,information technology & services,http://www.lightedge.com,http://www.linkedin.com/company/lightedge-solutions,Des Moines,Iowa,85000000,7373,,,
Strata Decision Technology,Strata Decision Technology-Apollo,710,information technology & services,http://www.stratadecision.com,http://www.linkedin.com/company/strata-decision-technology,Chicago,Illinois,122500000,7375,,,
Sela,Sela-Apollo,500,information technology & services,http://www.selacloud.com,http://www.linkedin.com/company/sela-group,Tel Aviv-Yafo,Tel Aviv District,250000000,7375,,,
Vertex Computer Systems,Vertex Computer Systems-Apollo,390,information technology & services,http://www.vertexcs.com,http://www.linkedin.com/company/vertex-computer-systems,North Royalton,Ohio,23800000,7375,,,
Narvar,Narvar-Apollo,340,information technology & services,http://www.narvar.com,http://www.linkedin.com/company/narvar,San Mateo,California,45000000,7375,,,
StoreHub,StoreHub-Apollo,410,information technology & services,http://www.storehub.com,http://www.linkedin.com/company/storehub,Petaling Jaya,Selangor,43700000,7375,,,
DIGISYSTEM - IT Solutions,DIGISYSTEM - IT Solutions-Apollo,1900,information technology & services,http://www.digisystem.com.br,http://www.linkedin.com/company/digisystem,Sao Paulo,State of Sao Paulo,,7375,,,
Digital Alchemy,Digital Alchemy-Apollo,230,information technology & services,http://www.digitalalchemy.global,http://www.linkedin.com/company/digital-alchemy,Sydney,New South Wales,56100000,7375,,,
Omnia,Omnia-Apollo,460,management consulting,http://www.omnia.ae,http://www.linkedin.com/company/omnia,Los Angeles,California,409000,8742,,,
BS&A Software,BS&A Software-Apollo,290,information technology & services,http://www.bsasoftware.com,http://www.linkedin.com/company/bsasoftware,Bath Township,Michigan,35000000,7375,,,
Basware,Basware-Apollo,1400,information technology & services,http://www.basware.com,http://www.linkedin.com/company/basware,Sipoo,Uusimaa,174198000,7375,,,
InApp,InApp-Apollo,520,information technology & services,http://www.inapp.com,http://www.linkedin.com/company/inapp,Palo Alto,California,51700000,7375,,,
"Akraya, Inc.","Akraya, Inc.-Apollo",350,information technology & services,http://www.akraya.com,http://www.linkedin.com/company/akraya-inc,San Francisco,California,48900000,7361,,,
Nuix,Nuix-Apollo,400,information technology & services,http://www.nuix.com,http://www.linkedin.com/company/nuix,Randwick,New South Wales,144808000,7375,,,
Pacifica Continental,Pacifica Continental-Apollo,220,management consulting,http://www.pacificacontinental.com,http://www.linkedin.com/company/pacifica-continental,Miami,Florida,,7361,,,
IDS Comercial,IDS Comercial-Apollo,1700,information technology & services,http://www.ids.com.mx,http://www.linkedin.com/company/ids-comercial,Mexico City,Federal District,,7371,,,
Kumaran Systems,Kumaran Systems-Apollo,1400,information technology & services,http://www.kumaran.com,http://www.linkedin.com/company/kumaran-systems,Chennai,Tamil Nadu,7444000,7375,,,
Omilia,Omilia-Apollo,420,information technology & services,http://www.omilia.com,http://www.linkedin.com/company/omilia-ltd,Larnaca,Larnaca,55800000,7375,,,
"Nfq Advisory, Solutions, Outsourcing","Nfq Advisory, Solutions, Outsourcing-Apollo",1400,management consulting,http://www.nfq.es,http://www.linkedin.com/company/nfq-advisory,Madrid,Community of Madrid,50000000,7375,,,
TIAC d.o.o.,TIAC d.o.o.-Apollo,210,information technology & services,http://www.tiacgroup.com,http://www.linkedin.com/company/tiac-d-o-o-,Novi Sad,Vojvodina,,7375,,,
CCS Fundraising,CCS Fundraising-Apollo,630,management consulting,http://www.ccsfundraising.com,http://www.linkedin.com/company/ccsfundraising,New York,New York,80000000,8742,,,
ACTUM Digital,ACTUM Digital-Apollo,270,information technology & services,http://www.actumdigital.com,http://www.linkedin.com/company/actumdigital,,Hlavni mesto Praha,36000000,7375,,,
VML THE COCKTAIL,VML THE COCKTAIL-Apollo,1300,management consulting,http://www.vml-thecocktail.com,http://www.linkedin.com/company/vml-thecocktail,Madrid,Community of Madrid,141000000,7375,,,
GyanSys Inc.,GyanSys Inc.-Apollo,2000,information technology & services,http://www.gyansys.com,http://www.linkedin.com/company/gyansys,Carmel,Indiana,218600000,7375,,,
New York State Technology Enterprise Corporation (NYSTEC),New York State Technology Enterprise Corporation (NYSTEC)-Apollo,400,management consulting,http://www.nystec.com,http://www.linkedin.com/company/nystec,Rome,New York,102921000,8748,,,
"Astir IT Solutions, Inc.","Astir IT Solutions, Inc.-Apollo",240,information technology & services,http://www.astirit.com,http://www.linkedin.com/company/astir-it,South Plainfield,New Jersey,42444000,7379,,,
Soft Strategy,Soft Strategy-Apollo,260,management consulting,http://www.softstrategy.it,http://www.linkedin.com/company/soft-strategy,Rome,Lazio,,8742,,,
CRMIT Solutions,CRMIT Solutions-Apollo,340,information technology & services,http://www.crmit.com,http://www.linkedin.com/company/crmit,Milpitas,California,19700000,7375,,,
CarTrawler,CarTrawler-Apollo,410,information technology & services,http://www.cartrawler.com,http://www.linkedin.com/company/cartrawler,Dublin,County Dublin,193000000,7375,,,
Trantor,Trantor-Apollo,770,information technology & services,http://www.trantorinc.com,http://www.linkedin.com/company/trantor,Palo Alto,California,28000000,7375,,,
"IntelliDyne, LLC","IntelliDyne, LLC-Apollo",380,information technology & services,http://www.intellidyne-llc.com,http://www.linkedin.com/company/intellidyne,Vienna,Virginia,54100000,7371,,,
TRUGlobal,TRUGlobal-Apollo,450,information technology & services,http://www.truglobal.com,http://www.linkedin.com/company/truglobal-inc,Dublin,California,69600000,7375,,,
Quarks,Quarks-Apollo,630,information technology & services,http://www.qtsolv.com,http://www.linkedin.com/company/qtsolv,New York,New York,92800000,7375,,,
Tevora,Tevora-Apollo,230,management consulting,http://www.tevora.com,http://www.linkedin.com/company/tevora-business-solutions,Irvine,California,37900000,7375,,,
Brightgrove,Brightgrove-Apollo,370,information technology & services,http://www.brightgrove.com,http://www.linkedin.com/company/brightgrove,Berlin,Berlin,15000000,7375,,,
GOPA Worldwide Consultants,GOPA Worldwide Consultants-Apollo,730,management consulting,http://www.gopa.eu,http://www.linkedin.com/company/gopa-consultants,Bad Homburg,Hesse,326000000,8711,,,
Coherent Solutions,Coherent Solutions-Apollo,2000,information technology & services,http://www.coherentsolutions.com,http://www.linkedin.com/company/coherent-solutions,Saint Louis Park,Minnesota,144500000,7371,,,
Tricentis,Tricentis-Apollo,1600,information technology & services,http://www.tricentis.com,http://www.linkedin.com/company/tricentis,Austin,Texas,425000000,7375,,,
SiteMinder,SiteMinder-Apollo,680,information technology & services,http://www.siteminder.com,http://www.linkedin.com/company/siteminder,Millers Point,New South Wales,146738000,7375,,,
TechMagic,TechMagic-Apollo,320,information technology & services,http://www.techmagic.co,http://www.linkedin.com/company/techmagic,Krakow,Wojewodztwo malopolskie,55800000,7374,,,
INA Solution,INA Solution-Apollo,260,information technology & services,http://www.inasolution.com,http://www.linkedin.com/company/ina-solution,Lincolnwood,Illinois,35500000,7361,,,
Komodo Health,Komodo Health-Apollo,790,information technology & services,http://www.komodohealth.com,http://www.linkedin.com/company/komodo-health,New York,New York,158800000,7375,,,
RainFocus,RainFocus-Apollo,300,information technology & services,http://www.rainfocus.com,http://www.linkedin.com/company/rainfocus,Lehi,Utah,75000000,7389,,,
Thoucentric,Thoucentric-Apollo,540,management consulting,http://www.thoucentric.com,http://www.linkedin.com/company/thoucentric,Bengaluru,Karnataka,6100000,8742,,,
Sigmoid,Sigmoid-Apollo,1600,management consulting,http://www.sigmoid.com,http://www.linkedin.com/company/sigmoid-analytics,Jersey City,New Jersey,225500000,7373,,,
Darede,Darede-Apollo,290,information technology & services,http://www.darede.com.br,http://www.linkedin.com/company/darede,Barueri,Sao Paulo,,7375,,,
BC Technology,BC Technology-Apollo,290,information technology & services,http://www.bctecnologia.com,http://www.linkedin.com/company/bctecnologia,Las Condes,Region Metropolitana,,7375,,,
Growth Acceleration Partners,Growth Acceleration Partners-Apollo,490,information technology & services,http://www.growthaccelerationpartners.com,http://www.linkedin.com/company/growth-acceleration-partners,Austin,Texas,63000000,7371,,,
Bitdefender,Bitdefender-Apollo,1900,information technology & services,http://www.bitdefender.com,http://www.linkedin.com/company/trendai-security,București,Municipiul București,350000000,7375,,,
SRI Tech Solutions Inc.,SRI Tech Solutions Inc.-Apollo,290,information technology & services,http://www.sritechsolutions.com,http://www.linkedin.com/company/sri-tech-solutions,Tampa,Florida,11000000,7375,,,
Recro,Recro-Apollo,430,information technology & services,http://www.recro.io,http://www.linkedin.com/company/recro-io,Bengaluru,Karnataka,70300000,7375,,,
Aimprosoft,Aimprosoft-Apollo,350,information technology & services,http://www.aimprosoft.com,http://www.linkedin.com/company/aimprosoft,Nicosia,Nicosia,,7375,,,
BASE life science,BASE life science-Apollo,310,management consulting,http://www.baselifescience.com,http://www.linkedin.com/company/base-life-science,Kobenhavn,Capital Region of Denmark,45950000,8731,,,
Smart IT Frame LLC,Smart IT Frame LLC-Apollo,1000,information technology & services,http://www.smartitframe.com,http://www.linkedin.com/company/smart-it-frame-llc,,New Jersey,38400000,7375,,,
Zoolatech,Zoolatech-Apollo,460,information technology & services,http://www.zoolatech.com,http://www.linkedin.com/company/zoolatech,Miami,Florida,49200000,7371,,,
Cyntexa,Cyntexa-Apollo,380,information technology & services,http://www.cyntexa.com,http://www.linkedin.com/company/cyntexa,San Francisco,California,83600000,7375,,,
CriticalRiver Inc.,CriticalRiver Inc.-Apollo,1000,information technology & services,http://www.criticalriver.com,http://www.linkedin.com/company/criticalriver,Pleasanton,California,143900000,7375,,,
AllCloud,AllCloud-Apollo,500,information technology & services,http://www.allcloud.io,http://www.linkedin.com/company/allcloud,Denver,Colorado,90400000,7375,,,
Salesfive,Salesfive-Apollo,340,information technology & services,http://www.salesfive.com,http://www.linkedin.com/company/salesfive-gmbh,Munich,Bavaria,,7375,,,
Taboola,Taboola-Apollo,2000,information technology & services,http://www.taboola.com,http://www.linkedin.com/company/taboola,New York,New York,1912040000,7375,,,
Altea Federation,Altea Federation-Apollo,1500,information technology & services,http://www.alteafederation.it,http://www.linkedin.com/company/alteafederation,Milan,Lombardy,,7371,,,
Inclusion Cloud,Inclusion Cloud-Apollo,220,information technology & services,http://www.inclusioncloud.com,http://www.linkedin.com/company/inclusioncloud,Dallas,Texas,26200000,7375,,,
Otto Group one.O,Otto Group one.O-Apollo,1000,information technology & services,http://www.og1o.com,http://www.linkedin.com/company/ottogroup-one-o,Dresden,Saxony,89900000,7375,,,
Ouidou,Ouidou-Apollo,270,information technology & services,http://www.ouidou.fr,http://www.linkedin.com/company/ouidou-consulting,Paris,Ile-de-France,20000000,7375,,,
Dicetek LLC,Dicetek LLC-Apollo,400,information technology & services,http://www.dicetek.net,http://www.linkedin.com/company/dicetek-llc-dubai,Dubai,Dubai,89000000,7375,,,
CoreFlex Solutions Inc.,CoreFlex Solutions Inc.-Apollo,520,information technology & services,http://www.coreflexsolutions.com,http://www.linkedin.com/company/coreflexsolutionsinc,Naperville,Illinois,,7375,,,
algoleap,algoleap-Apollo,520,information technology & services,http://www.algoleap.com,http://www.linkedin.com/company/algoleap,Hyderabad,Telangana,268000,7375,,,
CDR Companies,CDR Companies-Apollo,400,management consulting,http://www.cdr-companies.com,http://www.linkedin.com/company/maguire-group-inc-,Miami,Florida,120200000,8711,,,
Digital Edge DC,Digital Edge DC-Apollo,290,telecommunications,http://www.digitaledgedc.com,http://www.linkedin.com/company/digitaledgedc,Singapore,Singapore,,3571,,,
Airtable,Airtable-Apollo,600,information technology & services,http://www.airtable.com,http://www.linkedin.com/company/airtable,San Francisco,California,478000000,7375,,,
CoreWeave,CoreWeave-Apollo,890,information technology & services,http://www.coreweave.com,http://www.linkedin.com/company/coreweave,New York,New York,5131000000,3571,,,
Intuit Mailchimp,Intuit Mailchimp-Apollo,1800,information technology & services,http://www.mailchimp.com,http://www.linkedin.com/company/intuitmailchimp,Atlanta,Georgia,850000000,7375,,,
Questel,Questel-Apollo,1600,information technology & services,http://www.questel.com,http://www.linkedin.com/company/questel,Paris,Ile-de-France,54900000,7375,,,
"American Unit, Inc","American Unit, Inc-Apollo",210,information technology & services,http://www.americanunit.com,http://www.linkedin.com/company/american-unit-inc,Plano,Texas,10000000,7379,,,
DaCodes.,DaCodes.-Apollo,260,information technology & services,http://www.dacodes.com,http://www.linkedin.com/company/dacodes,Houston,Texas,,7375,,,
Consensus Cloud Solutions,Consensus Cloud Solutions-Apollo,520,information technology & services,http://www.consensus.com,http://www.linkedin.com/company/consensus-cloud-solutions,Los Angeles,California,349696000,7375,,,
Unico ID,Unico ID-Apollo,830,information technology & services,http://www.unico.io,http://www.linkedin.com/company/unicoio,Sao Paulo,State of Sao Paulo,40000000,7375,,,
JSAN Consulting Group,JSAN Consulting Group-Apollo,230,information technology & services,http://www.jsanconsulting.com,http://www.linkedin.com/company/jsan-consulting-group,Brentford,England,,7371,,,
CyberX Info System,CyberX Info System-Apollo,300,information technology & services,http://www.cyberxinfosystem.info,http://www.linkedin.com/company/cyberx-infosystem-pvt-ltd,Frederick,Maryland,46900000,7375,,,
Zemsania Global Group,Zemsania Global Group-Apollo,250,information technology & services,http://www.zemsaniaglobalgroup.com,http://www.linkedin.com/company/zemsania-global-group,Barcelona,Catalonia,,7375,,,
ConsultNet Technology Services and Solutions,ConsultNet Technology Services and Solutions-Apollo,210,information technology & services,http://www.consultnet.com,http://www.linkedin.com/company/consultnet,South Jordan,Utah,27700000,7375,,,
InnoWave,InnoWave-Apollo,410,information technology & services,http://www.innowave.tech,http://www.linkedin.com/company/innowave-technologies,Lisbon,Lisbon,23000000,7375,,,
Fluido,Fluido-Apollo,500,information technology & services,http://www.fluidogroup.com,http://www.linkedin.com/company/fluido-oy,Espoo,,20931000,7375,,,
4CAD Group,4CAD Group-Apollo,600,information technology & services,http://www.4cadgroup.com,http://www.linkedin.com/company/4cad-group,Bouguenais,Pays de la Loire,104000000,3571,,,
CitNOW Group,CitNOW Group-Apollo,400,information technology & services,http://www.citnowgroup.com,http://www.linkedin.com/company/citnowgroup,Wokingham,England,10000000,7375,,,
ETG Digital,ETG Digital-Apollo,210,information technology & services,http://www.etg.digital,http://www.linkedin.com/company/etgdigital,Plano,Texas,1700000,7375,,,
Veltris,Veltris-Apollo,720,information technology & services,http://www.veltris.com,http://www.linkedin.com/company/veltris,Milpitas,California,153100000,7375,,,
ISPERO,ISPERO-Apollo,500,information technology & services,http://www.ispero.us,http://www.linkedin.com/company/ispero-us,,,,7375,,,
IST Networks,IST Networks-Apollo,300,information technology & services,http://www.istnetworks.com,http://www.linkedin.com/company/ist-networks,Cairo,Cairo Governorate,11000000,7375,,,
West Monroe,West Monroe-Apollo,2000,management consulting,http://www.westmonroe.com,http://www.linkedin.com/company/westmonroe,Chicago,Illinois,550000000,8742,,,
ConnectWise,ConnectWise-Apollo,1900,information technology & services,http://www.connectwise.com,http://www.linkedin.com/company/connectwise,Tampa,Florida,1000000000,7375,,,
Fastly,Fastly-Apollo,1100,information technology & services,http://www.fastly.com,http://www.linkedin.com/company/fastly,San Francisco,California,624018000,7375,,,
Droisys,Droisys-Apollo,450,information technology & services,http://www.droisys.com,http://www.linkedin.com/company/droisys,Fremont,California,21600000,7375,,,
Riskified,Riskified-Apollo,660,information technology & services,http://www.riskified.com,http://www.linkedin.com/company/riskified,New York,New York,327516000,7375,,,
New York Global Consultants Inc. (NYGCI),New York Global Consultants Inc. (NYGCI)-Apollo,250,information technology & services,http://www.nygci.com,http://www.linkedin.com/company/new-york-global-consultants-corporation-inc,Uniondale,New York,28400000,7375,,,
CrossCountry Consulting,CrossCountry Consulting-Apollo,1300,management consulting,http://www.crosscountry-consulting.com,http://www.linkedin.com/company/crosscountry-consulting,McLean,Virginia,187500000,8742,,,
Dotsquares,Dotsquares-Apollo,1500,information technology & services,http://www.dotsquares.com,http://www.linkedin.com/company/dotsquares,London,,161900000,"7371, 7372",,,
8x8,8x8-Apollo,2000,information technology & services,http://www.8x8.com,http://www.linkedin.com/company/8x8,Campbell,California,715070000,7375,,,
Index Analytics LLC,Index Analytics LLC-Apollo,270,information technology & services,http://www.index-analytics.com,http://www.linkedin.com/company/index-analytics-llc,Milford Mill,Maryland,29500000,7375,,,
Applicable,Applicable-Apollo,210,information technology & services,http://www.applicable.com,http://www.linkedin.com/company/applicable,Bristol,England,10000000,7375,,,
Mastek,Mastek-Apollo,1400,information technology & services,http://www.mastek.com,http://www.linkedin.com/company/mastek,Reading,England,404468000,7375,,,
Corporate Visions,Corporate Visions-Apollo,270,management consulting,http://www.corporatevisions.com,http://www.linkedin.com/company/corporate-visions-inc-,Mesa,Arizona,29200000,8742,,,
Framework Digital,Framework Digital-Apollo,450,information technology & services,http://www.frameworkdigital.com.br,http://www.linkedin.com/company/frameworkdigital,Belo Horizonte,State of Minas Gerais,,7375,,,
Sangoma,Sangoma-Apollo,680,telecommunications,http://www.sangoma.com,http://www.linkedin.com/company/sangoma,Markham,Ontario,331780000,3661,,,
Systematix,Systematix-Apollo,800,information technology & services,http://www.systematix.com,http://www.linkedin.com/company/systematix,Calgary,Alberta,100000000,7371,,,
Quantum Integrators,Quantum Integrators-Apollo,280,information technology & services,http://www.quantumintegrators.com,http://www.linkedin.com/company/quantum-integrators-group-llc,West Windsor Township,New Jersey,5511000,7375,,,
CRU,CRU-Apollo,790,management consulting,http://www.crugroup.com,http://www.linkedin.com/company/cru,London,England,83000000,8711,,,
Insight Investments,Insight Investments-Apollo,350,information technology & services,http://www.insightinvestments.com,http://www.linkedin.com/company/insight-investments,Irvine,California,158162000,7389,,,
KTek Resourcing,KTek Resourcing-Apollo,310,information technology & services,http://www.ktekresourcing.com,http://www.linkedin.com/company/ktekresourcing,Houston,Texas,39100000,7361,,,
V Group Inc.,V Group Inc.-Apollo,1100,information technology & services,http://www.vgroupinc.com,http://www.linkedin.com/company/v-group,East Windsor,New Jersey,4100000,7375,,,
Zywave,Zywave-Apollo,1000,information technology & services,http://www.zywave.com,http://www.linkedin.com/company/zywave,Wauwatosa,Wisconsin,87100000,7375,,,
AMcom Sistemas de Informação,AMcom Sistemas de Informação-Apollo,530,information technology & services,http://www.amcom.com.br,http://www.linkedin.com/company/amcom,Blumenau,Santa Catarina,250000000,7375,,,
DoubleVerify,DoubleVerify-Apollo,1200,information technology & services,http://www.doubleverify.com,http://www.linkedin.com/company/doubleverify-inc,New York,New York,748291000,7375,,,
DevCom,DevCom-Apollo,240,information technology & services,http://www.devcom.com,http://www.linkedin.com/company/devcom,Port Orange,Florida,21018000,7375,,,
Concord,Concord-Apollo,710,information technology & services,http://www.concordusa.com,http://www.linkedin.com/company/concord,Hopkins,Minnesota,100600000,7375,,,
Denodo,Denodo-Apollo,600,information technology & services,http://www.denodo.com,http://www.linkedin.com/company/denodo-technologies,Palo Alto,California,288500000,7375,,,
Perfaware,Perfaware-Apollo,260,information technology & services,http://www.perfaware.com,http://www.linkedin.com/company/perfaware,Irving,Texas,4171000,7371,,,
Zachary Piper Solutions,Zachary Piper Solutions-Apollo,280,information technology & services,http://www.zacharypiper.com,http://www.linkedin.com/company/zachary-piper-solutions,McLean,Virginia,60800000,7375,,,
SOFTWAY MEDICAL,SOFTWAY MEDICAL-Apollo,750,information technology & services,http://www.groupesoftwaymedical.com,http://www.linkedin.com/company/softway-medical,Fuveau,Provence-Alpes-Cote d'Azur,31000000,7375,,,
Perion,Perion-Apollo,530,information technology & services,http://www.perion.com,http://www.linkedin.com/company/perion,New York,New York,439927000,7375,,,
CG Infinity,CG Infinity-Apollo,500,information technology & services,http://www.cginfinity.com,http://www.linkedin.com/company/cginfinity,Plano,Texas,97000000,7375,,,
Capitole,Capitole-Apollo,1100,information technology & services,http://www.capitole-consulting.com,http://www.linkedin.com/company/capitole-consulting,Barcelona,Catalonia,,7371,,,
hmmh AG,hmmh AG-Apollo,250,information technology & services,http://www.hmmh.de,http://www.linkedin.com/company/hmmh-ag,Bremen,Bremen,32000000,7375,,,
Foodics,Foodics-Apollo,670,information technology & services,http://www.foodics.com,http://www.linkedin.com/company/foodics,Riyadh,Riyadh Province,20800000,7375,,,
Epignosis learning technologies,Epignosis learning technologies-Apollo,270,information technology & services,http://www.epignosishq.com,http://www.linkedin.com/company/epignosis-ltd,San Francisco,California,20100000,7375,,,
Kastech Software Solutions Group,Kastech Software Solutions Group-Apollo,1500,information technology & services,http://www.kastechssg.com,http://www.linkedin.com/company/kastech-software-solutions-group,Richmond,Texas,120000000,7375,,,
"HYCU, Inc.","HYCU, Inc.-Apollo",280,information technology & services,http://www.hycu.com,http://www.linkedin.com/company/hycu,Boston,Massachusetts,58000000,7375,,,
KAYAK,KAYAK-Apollo,1100,information technology & services,http://www.kayak.com,http://www.linkedin.com/company/kayak,Stamford,Connecticut,273500000,7375,,,
Trulioo,Trulioo-Apollo,420,information technology & services,http://www.trulioo.com,http://www.linkedin.com/company/trulioo,Vancouver,British Columbia,150600000,7375,,,
Henry Schein One,Henry Schein One-Apollo,1500,information technology & services,http://www.henryscheinone.com,http://www.linkedin.com/company/henry-schein-one,American Fork,Utah,630000000,7372,,,
Ditech Group,Ditech Group-Apollo,260,information technology & services,http://www.ditech.es,http://www.linkedin.com/company/grupo-ditech,Madrid,Community of Madrid,39100000,7375,,,
Per Scholas,Per Scholas-Apollo,1900,information technology & services,http://www.perscholas.org,http://www.linkedin.com/school/perscholas,New York,New York,70003000,8299,,,
eXalt,eXalt-Apollo,1100,information technology & services,http://www.exalt-company.com,http://www.linkedin.com/company/exalt-company,Montreal,Quebec,,8742,,,
ITRS,ITRS-Apollo,370,information technology & services,http://www.itrsgroup.com,http://www.linkedin.com/company/itrsgroup,,England,41300000,7372,,,
Seismic,Seismic-Apollo,1400,information technology & services,http://www.seismic.com,http://www.linkedin.com/company/seismic,San Diego,California,375000000,7375,,,
KGiSL,KGiSL-Apollo,1600,information technology & services,http://www.kgisl.com,http://www.linkedin.com/company/kgisl,Coimbatore,Tamil Nadu,16000000,7375,,,
Neutrino Tech Systems,Neutrino Tech Systems-Apollo,220,information technology & services,http://www.neutrinotechsystems.com,http://www.linkedin.com/company/neutrinotechsystems,Cedar Park,Texas,74600000,7375,,,
Algoworks,Algoworks-Apollo,630,information technology & services,http://www.algoworks.com,http://www.linkedin.com/company/algoworks,Ramsey,New Jersey,112000000,7375,,,
Comforth Easyfront,Comforth Easyfront-Apollo,220,information technology & services,http://www.comforth-easyfront.eu,http://www.linkedin.com/company/comforth-groupe-magellan,Paris,Ile-de-France,33000000,,,,
株式会社カオナビ,株式会社カオナビ-Apollo,360,information technology & services,http://www.kaonavi.jp,http://www.linkedin.com/company/kaonavi,Shibuya,Tokyo,64000000,7375,,,
Pwrteams,Pwrteams-Apollo,800,information technology & services,http://www.pwrteams.com,http://www.linkedin.com/company/pwrteams,Tallinn,Harju County,102000000,7375,,,
Robotics Technologies LLC,Robotics Technologies LLC-Apollo,260,information technology & services,http://www.roboticstechno.com,http://www.linkedin.com/company/robotics-technologies-llc,Duncanville,Texas,,3581,,,
Astound Digital,Astound Digital-Apollo,1300,information technology & services,http://www.astounddigital.com,http://www.linkedin.com/company/astound-digital,Atlanta,Georgia,250000000,7375,,,
Liferay,Liferay-Apollo,1200,information technology & services,http://www.liferay.com,http://www.linkedin.com/company/liferay-inc-,Diamond Bar,California,37100000,7375,,,
Datasite,Datasite-Apollo,1500,information technology & services,http://www.datasite.com,http://www.linkedin.com/company/datasiteglobal,Minneapolis,Minnesota,157900000,6799,,,
Realatte,Realatte-Apollo,260,online media,http://www.realatte.com,http://www.linkedin.com/company/realatte,Mumbai,Maharashtra,,6799,,,
Dilaco,Dilaco-Apollo,260,information technology & services,http://www.dilaco.eu,http://www.linkedin.com/company/dilaco-eu,Zaventem,Flanders,16000000,7375,,,
Auctane,Auctane-Apollo,1400,information technology & services,http://www.auctane.com,http://www.linkedin.com/company/auctane,Austin,Texas,457000000,7375,,,
Elad Software Systems,Elad Software Systems-Apollo,690,information technology & services,http://www.elad.co.il,http://www.linkedin.com/company/elad-systems,Tel Aviv-Yafo,Tel Aviv District,134000000,7371,,,
Webiz International,Webiz International-Apollo,210,information technology & services,http://www.webiz.com,http://www.linkedin.com/company/webizcom,Tel Aviv-Yafo,Tel Aviv District,19100000,7361,,,
Cloudity,Cloudity-Apollo,350,information technology & services,http://www.cloudity.digital,http://www.linkedin.com/company/cloudity,Grenoble,Auvergne-Rhone-Alpes,30000000,7375,,,
Telstra Health,Telstra Health-Apollo,840,information technology & services,http://www.telstrahealth.com,http://www.linkedin.com/company/telstra-health_health-services,Melbourne,Victoria,181397000,7375,,,
Beacon Hill,Beacon Hill-Apollo,1400,management consulting,http://www.bhsg.com,http://www.linkedin.com/company/beacon-hill-bhsg,Boston,Massachusetts,1023000000,,,,
Royal Cyber Inc.,Royal Cyber Inc.-Apollo,1400,information technology & services,http://www.royalcyber.com,http://www.linkedin.com/company/royal-cyber-inc-,Naperville,Illinois,133500000,7375,,,
RDT,RDT-Apollo,1300,information technology & services,http://www.rdt.com,http://www.linkedin.com/company/rdt-com,,Basque Country,125000000,8711,,,
AutoScout24,AutoScout24-Apollo,810,information technology & services,http://www.autoscout24.de,http://www.linkedin.com/company/autoscout24,Muenchen,Bayern,207598000,7359,,,
"LGS, an IBM Company","LGS, an IBM Company-Apollo",770,information technology & services,http://www.lgs.com,http://www.linkedin.com/company/societe_conseil_groupe_lgs,,Quebec,11000000,7371,,,
SDLC Corp,SDLC Corp-Apollo,380,information technology & services,http://www.sdlccorp.com,http://www.linkedin.com/company/sdlccorp,San Francisco,California,43900000,7375,,,
"Comscore, Inc.","Comscore, Inc.-Apollo",1200,information technology & services,http://www.comscore.com,http://www.linkedin.com/company/comscore,Reston,Virginia,356047000,7375,,,
Reward Gateway,Reward Gateway-Apollo,820,information technology & services,http://www.rewardgateway.com,http://www.linkedin.com/company/reward-gateway,London,England,234990000,8742,,,
Verinext,Verinext-Apollo,350,information technology & services,http://www.verinext.com,http://www.linkedin.com/company/verinext,Blue Bell,Pennsylvania,90000000,7371,,,
Craftware,Craftware-Apollo,440,information technology & services,http://www.craftware.com,http://www.linkedin.com/company/craftware-global,Warszawa,woj. mazowieckie,,7375,,,
Nebius,Nebius-Apollo,1400,information technology & services,http://www.nebius.com,http://www.linkedin.com/company/nebius,Amsterdam,North Holland,529800000,3571,,,
Voyatek,Voyatek-Apollo,780,information technology & services,http://www.voyatek.com,http://www.linkedin.com/company/voyatek,Columbia,Maryland,185000000,7375,,,
コムチュアネットワーク（株）,コムチュアネットワーク（株）-Apollo,1800,information technology & services,http://www.comture-net.com,http://www.linkedin.com/company/%e3%82%b3%e3%83%a0%e3%83%81%e3%83%a5%e3%82%a2%e3%83%8d%e3%83%83%e3%83%88%e3%83%af%e3%83%bc%e3%82%af%ef%bc%88%e6%a0%aa%ef%bc%89,Shinagawa City,Tokyo,243808000,,,,
Galent,Galent-Apollo,320,information technology & services,http://www.galent.com,http://www.linkedin.com/company/galenthq,,New Jersey,,7375,,,
Arcadia,Arcadia-Apollo,770,information technology & services,http://www.arcadia.com,http://www.linkedin.com/company/arcadiahq,Washington,District of Columbia,270000000,7375,,,
New York Technology Partners,New York Technology Partners-Apollo,260,staffing & recruiting,http://www.nytp.com,http://www.linkedin.com/company/new-york-technology-partners,Jersey City,New Jersey,40000000,7375,,,
"Ateko, backed by Bell Canada","Ateko, backed by Bell Canada-Apollo",640,information technology & services,http://www.ateko.com,http://www.linkedin.com/company/hello-ateko,Montreal,Quebec,,7375,,,
Surgical Information Systems,Surgical Information Systems-Apollo,690,information technology & services,http://www.sisfirst.com,http://www.linkedin.com/company/surgical-information-systems,Alpharetta,Georgia,60000000,7375,,,
Telesign,Telesign-Apollo,550,information technology & services,http://www.telesign.com,http://www.linkedin.com/company/telesign,Marina del Rey,California,73500000,7375,,,
IRIUM,IRIUM-Apollo,660,information technology & services,http://www.irium.es,http://www.linkedin.com/company/irium-solucionesysistemas,Madrid,Community of Madrid,27000000,7375,,,
Ripple,Ripple-Apollo,1600,information technology & services,http://www.ripple.com,http://www.linkedin.com/company/ripple,San Francisco,California,1300000000,6211,,,
Applicantz,Applicantz-Apollo,350,information technology & services,http://www.applicantz.com,http://www.linkedin.com/company/applicantz-com,Houston,Texas,32600000,7375,,,
Teikametrics,Teikametrics-Apollo,230,information technology & services,http://www.teikametrics.com,http://www.linkedin.com/company/teikametrics,Boston,Massachusetts,45100000,7372,,,
Clever Devices,Clever Devices-Apollo,590,information technology & services,http://www.cleverdevices.com,http://www.linkedin.com/company/clever-devices,Woodbury,New York,127606000,"7372, 7371",,,
SAGE IT,SAGE IT-Apollo,840,information technology & services,http://www.sageitinc.com,http://www.linkedin.com/company/sageitinc,Frisco,Texas,44800000,7375,,,
LogicMonitor,LogicMonitor-Apollo,1200,information technology & services,http://www.logicmonitor.com,http://www.linkedin.com/company/logicmonitor,Santa Barbara,California,300000000,7375,,,
Rumos,Rumos-Apollo,330,information technology & services,http://www.rumos.pt,http://www.linkedin.com/company/rumos,Lisbon,Lisbon,,8748,,,
SysMap Solutions,SysMap Solutions-Apollo,850,information technology & services,http://www.sysmap.com.br,http://www.linkedin.com/company/sysmap-solutions,Sao Paulo,State of Sao Paulo,,7371,,,
Alcumus,Alcumus-Apollo,520,information technology & services,http://www.alcumus.com,http://www.linkedin.com/company/the-alcumus-group,Nantgarw,Wales,108000000,8742,,,
PreludeSys,PreludeSys-Apollo,920,information technology & services,http://www.preludesys.com,http://www.linkedin.com/company/prelude-systems-inc,Irvine,California,44200000,7375,,,
PAR Technology,PAR Technology-Apollo,1600,information technology & services,http://www.partech.com,http://www.linkedin.com/company/partechnology,New Hartford,New York,455547000,7375,,,
DigiMantra,DigiMantra-Apollo,260,information technology & services,http://www.digimantra.com,http://www.linkedin.com/company/digimantra-labs,Sahibzada Ajit Singh Nagar,Punjab,35900000,7371,,,
Tealium,Tealium-Apollo,640,information technology & services,http://www.tealium.com,http://www.linkedin.com/company/tealium,San Diego,California,100000000,7374,,,
Britenet,Britenet-Apollo,720,information technology & services,http://www.britenet.eu,http://www.linkedin.com/company/britenet,Warszawa,woj. mazowieckie,55500000,7375,,,
Relevance Lab,Relevance Lab-Apollo,550,information technology & services,http://www.relevancelab.com,http://www.linkedin.com/company/relevance-lab,San Jose,California,40000000,7375,,,
"V-Soft Consulting Group, Inc.","V-Soft Consulting Group, Inc.-Apollo",1400,information technology & services,http://www.vsoftconsulting.com,http://www.linkedin.com/company/vsoftconsulting,Louisville,Kentucky,118000000,7375,,,
Launch Consulting Group,Launch Consulting Group-Apollo,520,information technology & services,http://www.launchconsulting.com,http://www.linkedin.com/company/launch-consulting-group,Bellevue,Washington,24828000,7371,,,
Precision Technologies,Precision Technologies-Apollo,410,information technology & services,http://www.precisiontechcorp.com,http://www.linkedin.com/company/precision-technologies-corp-,South Brunswick Township,New Jersey,43000000,7371,,,
Turnberry Solutions,Turnberry Solutions-Apollo,810,management consulting,http://www.turnberrysolutions.com,http://www.linkedin.com/company/turnberrysolutions,Philadelphia,Pennsylvania,15500000,8742,,,
Calero,Calero-Apollo,940,information technology & services,http://www.calero.com,http://www.linkedin.com/company/calero,Rochester,New York,50000000,7375,,,
DISCO,DISCO-Apollo,570,information technology & services,http://www.csdisco.com,http://www.linkedin.com/company/csdisco,Austin,Texas,156849000,7375,,,
Genesis10,Genesis10-Apollo,1100,information technology & services,http://www.genesis10.com,http://www.linkedin.com/company/genesis10,New York,New York,55200000,7380,,,
Stratacent,Stratacent-Apollo,210,information technology & services,http://www.stratacent.com,http://www.linkedin.com/company/stratacent,Jersey City,New Jersey,7300000,,,,
CAS Training,CAS Training-Apollo,240,professional training & coaching,http://www.cas-training.com,http://www.linkedin.com/company/cas-training,Madrid,Community of Madrid,5500000,8299,,,
Quorum,Quorum-Apollo,350,information technology & services,http://www.quorum.us,http://www.linkedin.com/company/quorum-analytics-inc-,Washington,District of Columbia,61100000,8742,,,
Applaudo,Applaudo-Apollo,470,information technology & services,http://www.applaudo.com,http://www.linkedin.com/company/applaudo,San Salvador,San Salvador Department,175000000,7375,,,
Duck Creek Technologies,Duck Creek Technologies-Apollo,1900,information technology & services,http://www.duckcreek.com,http://www.linkedin.com/company/duck-creek-technologies,Boston,Massachusetts,310900000,7375,,,
Vertisystem (A MOURI Tech Company),Vertisystem (A MOURI Tech Company)-Apollo,420,management consulting,http://www.vertisystem.com,http://www.linkedin.com/company/vertisystem,Fremont,California,95000000,7375,,,
Valenta,Valenta-Apollo,600,information technology & services,http://www.valenta.io,http://www.linkedin.com/company/valenta,Clifton,New Jersey,55500000,7375,,,
Sollers Consulting,Sollers Consulting-Apollo,910,information technology & services,http://www.sollers.eu,http://www.linkedin.com/company/sollers-consulting,Warszawa,woj. mazowieckie,96200000,7375,,,
BusPatrol,BusPatrol-Apollo,360,information technology & services,http://www.buspatrol.com,http://www.linkedin.com/company/buspatrol,Lorton,Virginia,15000000,7389,,,
MHR,MHR-Apollo,1100,information technology & services,http://www.mhrglobal.com,http://www.linkedin.com/company/mhr-solutions,Nottingham,England,169000000,7375,,,
Copado,Copado-Apollo,600,information technology & services,http://www.copado.com,http://www.linkedin.com/company/copadosolutions,Chicago,Illinois,140000000,7375,,,
Eurofiber,Eurofiber-Apollo,540,telecommunications,http://www.eurofiber.com,http://www.linkedin.com/company/eurofiber,Maarssenbroek,Utrecht,321000000,3661,,,
Palmetto,Palmetto-Apollo,630,information technology & services,http://www.palmetto.com,http://www.linkedin.com/company/palmetto,Charlotte,North Carolina,390100000,3621,,,
Integra,Integra-Apollo,490,information technology & services,http://www.integratecnologia.es,http://www.linkedin.com/company/integra-estrategia-tecnologia,Zaragoza,Aragon,,7375,,,
SEISMA GROUP,SEISMA GROUP-Apollo,270,information technology & services,http://www.seismagroup.com,http://www.linkedin.com/company/seisma-group,Melbourne,Victoria,40000000,7375,,,
Platform Science,Platform Science-Apollo,720,information technology & services,http://www.platformscience.com,http://www.linkedin.com/company/platform-science,San Diego,California,300000000,7375,,,
ALTEN Polska,ALTEN Polska-Apollo,520,information technology & services,http://www.altenpolska.pl,http://www.linkedin.com/company/alten-polska,Krakow,Wojewodztwo malopolskie,73000000,8711,,,
Serbatic,Serbatic-Apollo,430,information technology & services,http://www.serbatic.es,http://www.linkedin.com/company/serbatic,Alcobendas,Community of Madrid,45600000,,,,
MATH Group,MATH Group-Apollo,790,information technology & services,http://www.math.group,http://www.linkedin.com/company/math-group,Sao Paulo,State of Sao Paulo,,7375,,,
BlueSky,BlueSky-Apollo,230,information technology & services,http://www.bsky.co.za,http://www.linkedin.com/company/blueskydigitalsolutions,Sandton,Gauteng,,7375,,,
Harness,Harness-Apollo,1700,information technology & services,http://www.harness.io,http://www.linkedin.com/company/harnessinc,San Francisco,California,250000000,7375,,,
EastWest BPO —MCI PHILIPPINES,EastWest BPO —MCI PHILIPPINES-Apollo,410,information technology & services,http://www.eastwestbpo.com,http://www.linkedin.com/company/ewbpo-mciph,San Fernando,Central Luzon,,7389,,,
Axians Portugal,Axians Portugal-Apollo,1100,information technology & services,http://www.axians.pt,http://www.linkedin.com/company/axianspt,Lisbon,Lisbon,213600000,7375,,,
Magic,Magic-Apollo,1800,information technology & services,http://www.getmagic.com,http://www.linkedin.com/company/get-magic,San Francisco,California,128600000,7389,,,
PreSales Collective,PreSales Collective-Apollo,1300,think tanks,http://www.presalescollective.com,http://www.linkedin.com/company/presalescollective,Chicago,Illinois,,8732,,,
Koniag Government Services,Koniag Government Services-Apollo,1400,information technology & services,http://www.koniag-gs.com,http://www.linkedin.com/company/koniag-government-services,Chantilly,Virginia,830000000,8741,,,
Sun Technologies,Sun Technologies-Apollo,830,information technology & services,http://www.suntechnologies.com,http://www.linkedin.com/company/sun-technologies,Alpharetta,Georgia,35000000,7375,,,
"CAMP Systems International, Inc.","CAMP Systems International, Inc.-Apollo",1200,information technology & services,http://www.campsystems.com,http://www.linkedin.com/company/camp-systems-international,Merrimack,New Hampshire,166700000,3731,,,
Clever Inc.,Clever Inc.-Apollo,340,information technology & services,http://www.clever.com,http://www.linkedin.com/company/clever-inc-,San Francisco,California,35000000,7375,,,
"Lytx, Inc.","Lytx, Inc.-Apollo",820,information technology & services,http://www.lytx.com,http://www.linkedin.com/company/lytxinc,San Diego,California,219999000,7372,,,
Thinkproject,Thinkproject-Apollo,700,information technology & services,http://www.thinkproject.com,http://www.linkedin.com/company/thinkproject-group,Munich,Bavaria,68900000,8711,,,
Spaulding Ridge,Spaulding Ridge-Apollo,630,management consulting,http://www.spauldingridge.com,http://www.linkedin.com/company/spaulding-ridge-llc,Chicago,Illinois,165800000,7375,,,
Eliassen Group,Eliassen Group-Apollo,1100,management consulting,http://www.eliassen.com,http://www.linkedin.com/company/eliassen-group,Reading,Massachusetts,250000000,8742,,,
Sumeru Inc,Sumeru Inc-Apollo,700,information technology & services,http://www.sumeru.us,http://www.linkedin.com/company/sumeru-inc,Los Angeles,California,45900000,7375,,,
"Enterprise Minds, Inc","Enterprise Minds, Inc-Apollo",570,information technology & services,http://www.eminds.ai,http://www.linkedin.com/company/enterpriseminds,San Ramon,California,74300000,7375,,,
"Sprout Social, Inc.","Sprout Social, Inc.-Apollo",1400,information technology & services,http://www.sproutsocial.com,http://www.linkedin.com/company/sprout-social-inc-,Chicago,Illinois,457547000,7375,,,
project44,project44-Apollo,780,information technology & services,http://www.project44.com,http://www.linkedin.com/company/project-44,Chicago,Illinois,210100000,7389,,,
EVT IT,EVT IT-Apollo,350,information technology & services,http://www.evtit.com,http://www.linkedin.com/company/evtit,Sao Paulo,State of Sao Paulo,,7371,,,
EROAD,EROAD-Apollo,540,information technology & services,http://www.eroad.com,http://www.linkedin.com/company/eroad,Auckland,Auckland,109136000,7359,,,
Slipstream IT,Slipstream IT-Apollo,260,information technology & services,http://www.slipstream-it.com,http://www.linkedin.com/company/slipstream-it,Blue Bell,Pennsylvania,41200000,7375,,,
ImmoScout24,ImmoScout24-Apollo,620,information technology & services,http://www.immobilienscout24.de,http://www.linkedin.com/company/immoscout24,Berlin,Berlin,253616000,6799,,,
Yael Group,Yael Group-Apollo,510,information technology & services,http://www.yaelgroup.com,http://www.linkedin.com/company/yael-software,Kefar Sava,Center District,200000000,7375,,,
EvenUp,EvenUp-Apollo,730,information technology & services,http://www.evenuplaw.com,http://www.linkedin.com/company/evenup,San Francisco,California,10000000,7375,,,
Smart Working,Smart Working-Apollo,500,information technology & services,http://www.smartworking.io,http://www.linkedin.com/company/smartworkingsolutions,London,England,1000000,7389,,,
"Delta System & Software, Inc.","Delta System & Software, Inc.-Apollo",370,information technology & services,http://www.deltassi.com,http://www.linkedin.com/company/delta-ssi,Plano,Texas,25000000,,,,
USEReady,USEReady-Apollo,370,information technology & services,http://www.useready.com,http://www.linkedin.com/company/useready,New York,New York,44100000,7374,,,
VML MAP,VML MAP-Apollo,890,management consulting,http://www.vml-map.com,http://www.linkedin.com/company/vml-map,Copenhagen,Capital Region of Denmark,131000000,7375,,,
"Timee, Inc.","Timee, Inc.-Apollo",710,information technology & services,http://www.timee.co.jp,http://www.linkedin.com/company/timee,Minato,Tokyo,222299000,,,,
Chainguard,Chainguard-Apollo,720,computer & network security,http://www.chainguard.dev,http://www.linkedin.com/company/chainguard-dev,Kirkland,Washington,40000000,7375,,,
MethodHub,MethodHub-Apollo,240,information technology & services,http://www.methodhub.in,http://www.linkedin.com/company/methodhubsoftware,Bengaluru,Karnataka,16000000,7375,,,
Zone & Co,Zone & Co-Apollo,220,information technology & services,http://www.zoneandco.com,http://www.linkedin.com/company/zoneandco,Boston,Massachusetts,22100000,7375,,,
"Svitla Systems, Inc.","Svitla Systems, Inc.-Apollo",1000,information technology & services,http://www.svitla.com,http://www.linkedin.com/company/svitla-systems-inc-,Corte Madera,California,5000000,7375,,,
Highspring,Highspring-Apollo,1500,professional training & coaching,http://www.highspring.com,http://www.linkedin.com/company/highspring,Brentwood,Tennessee,1000000000,8742,,,
Innovative Solutions,Innovative Solutions-Apollo,760,information technology & services,http://www.innovativesol.com,http://www.linkedin.com/company/innovative-solutions,West Henrietta,New York,150200000,7375,,,
"InterDigital, Inc.","InterDigital, Inc.-Apollo",430,telecommunications,http://www.interdigital.com,http://www.linkedin.com/company/interdigital-communications,Wilmington,Delaware,834015000,3661,,,
Optimizely,Optimizely-Apollo,1700,information technology & services,http://www.optimizely.com,http://www.linkedin.com/company/optimizely,New York,New York,400000000,7372,,,
Vistex,Vistex-Apollo,2000,information technology & services,http://www.vistex.com,http://www.linkedin.com/company/vistex,Hoffman Estates,Illinois,300000000,7375,,,
ThoughtSpot,ThoughtSpot-Apollo,780,information technology & services,http://www.thoughtspot.com,http://www.linkedin.com/company/thoughtspot,Mountain View,California,318200000,7375,,,
KMK Consulting Inc.,KMK Consulting Inc.-Apollo,350,management consulting,http://www.kmkconsultinginc.com,http://www.linkedin.com/company/kmk-consulting-inc,Morris Plains,New Jersey,14700000,8742,,,
Verndale,Verndale-Apollo,250,management consulting,http://www.verndale.com,http://www.linkedin.com/company/verndale,Boston,Massachusetts,50000000,7375,,,
Metacube Software Pvt Ltd,Metacube Software Pvt Ltd-Apollo,1500,information technology & services,http://www.metacube.com,http://www.linkedin.com/company/metacube,Jaipur,Rajasthan,15000000,7375,,,
Daxko,Daxko-Apollo,890,information technology & services,http://www.daxko.com,http://www.linkedin.com/company/daxko,Birmingham,Alabama,15000000,7375,,,
maltem Paris,maltem Paris-Apollo,540,management consulting,http://www.maltem.com,http://www.linkedin.com/company/maltemparis,Neuilly-sur-Seine,Ile-de-France,24000000,7380,,,
"York Solutions, LLC","York Solutions, LLC-Apollo",320,information technology & services,http://www.yorksolutions.net,http://www.linkedin.com/company/york-solutions-llc,Westchester,Illinois,46300000,7379,,,
Yotpo,Yotpo-Apollo,600,information technology & services,http://www.yotpo.com,http://www.linkedin.com/company/yotpo,New York,New York,213000000,7375,,,
"GRIFFIN Global Technologies, LLC","GRIFFIN Global Technologies, LLC-Apollo",260,information technology & services,http://www.griffinglobaltech.com,http://www.linkedin.com/company/griffin-solutions-group,Alpharetta,Georgia,15000000,7375,,,
COGENT Infotech,COGENT Infotech-Apollo,840,information technology & services,http://www.cogentinfo.com,http://www.linkedin.com/company/cogentinfo,Pittsburgh,Pennsylvania,10266000,7375,,,
TerraSky,TerraSky-Apollo,1200,information technology & services,http://www.terrasky.co.jp,http://www.linkedin.com/company/terrasky,Chuo-ku,Tokyo-to,164103000,7372,,,
DECADE,DECADE-Apollo,300,information technology & services,http://www.decade.fr,http://www.linkedin.com/company/decade,Paris,Ile-de-France,,,,,
Iron Bow Technologies,Iron Bow Technologies-Apollo,900,information technology & services,http://www.ironbow.com,http://www.linkedin.com/company/iron-bow-technologies,Herndon,Virginia,602977000,7375,,,
Plusgrade,Plusgrade-Apollo,850,information technology & services,http://www.plusgrade.com,http://www.linkedin.com/company/plusgrade,Montreal,Quebec,20000000,7375,,,
Stretch AB,Stretch AB-Apollo,280,information technology & services,http://www.stretch.se,http://www.linkedin.com/company/stretch,Stockholm,Stockholm County,,7375,,,
Mariner Innovations,Mariner Innovations-Apollo,210,information technology & services,http://www.marinerinnovations.com,http://www.linkedin.com/company/mariner-innovations,Saint John,New Brunswick,,7375,,,
Teamware Solutions,Teamware Solutions-Apollo,1500,information technology & services,http://www.teamwaresolutions.net,http://www.linkedin.com/company/teamware-solutions,Chennai,Tamil Nadu,294600000,7361,,,
Booksy,Booksy-Apollo,630,internet,http://www.booksy.com,http://www.linkedin.com/company/booksy,Poland,New York,65900000,7375,,,
InfoBeans,InfoBeans-Apollo,1600,information technology & services,http://www.infobeans.ai,http://www.linkedin.com/company/infobeans,Danville,California,50533000,7375,,,
OKAYA INFOCOM,OKAYA INFOCOM-Apollo,470,information technology & services,http://www.okayainc.com,http://www.linkedin.com/company/okayainc,Albany,New York,100000000,7375,,,
Entelect,Entelect-Apollo,1900,information technology & services,http://www.entelect.co.za,http://www.linkedin.com/company/entelect,Johannesburg,Gauteng,200000000,7371,,,
"GSPANN Technologies, Inc","GSPANN Technologies, Inc-Apollo",1900,information technology & services,http://www.gspann.com,http://www.linkedin.com/company/gspann-technologies-inc,Milpitas,California,4606000,7375,,,
nCino,nCino-Apollo,1900,information technology & services,http://www.ncino.com,http://www.linkedin.com/company/ncino-inc-,Wilmington,North Carolina,540657000,6021,,,
DBC Company,DBC Company-Apollo,1100,information technology & services,http://www.dbccompany.com.br,http://www.linkedin.com/company/dbc-company,,Rio Grande do Sul,,7375,,,
Espire Infolabs,Espire Infolabs-Apollo,1100,information technology & services,http://www.espire.com,http://www.linkedin.com/company/espire-infolabs,Gurugram,Haryana,38000000,7375,,,
KellyMitchell Group,KellyMitchell Group-Apollo,320,information technology & services,http://www.kellymitchell.com,http://www.linkedin.com/company/kelly-mitchell-group-inc,St. Louis,Missouri,134500000,7375,,,
Gett,Gett-Apollo,870,information technology & services,http://www.gett.com,http://www.linkedin.com/company/gettaxi,London,England,143400000,4111,,,
"PruTech Solutions, Inc.","PruTech Solutions, Inc.-Apollo",380,information technology & services,http://www.prutech.com,http://www.linkedin.com/company/prutechus,Woodbridge Township,New Jersey,43400000,,,,
SIG (Strata Information Group),SIG (Strata Information Group)-Apollo,240,information technology & services,http://www.sigcorp.com,http://www.linkedin.com/company/strata-information-group,San Diego,California,25200000,8748,,,
Dev.Pro,Dev.Pro-Apollo,810,information technology & services,http://www.dev.pro,http://www.linkedin.com/company/dev-pro,Charlotte,North Carolina,15000000,7375,,,
ComplianceQuest,ComplianceQuest-Apollo,470,information technology & services,http://www.compliancequest.com,http://www.linkedin.com/company/compliancequest,Tampa,Florida,56900000,7375,,,
Niji,Niji-Apollo,1400,information technology & services,http://www.niji.fr,http://www.linkedin.com/company/niji,Issy-les-Moulineaux,Ile-de-France,148000000,7375,,,
Certisign,Certisign-Apollo,610,information technology & services,http://www.certisign.com.br,http://www.linkedin.com/company/certisign,Sao Paulo,State of Sao Paulo,53600000,7375,,,
NoA - The North Alliance,NoA - The North Alliance-Apollo,1300,information technology & services,http://www.thenorthalliance.com,http://www.linkedin.com/company/noa-the-north-alliance,Oslo,Oslo,129000000,7311,,,
Oktana,Oktana-Apollo,240,information technology & services,http://www.oktana.com,http://www.linkedin.com/company/oktana,Charleston,West Virginia,,7375,,,
Bringg,Bringg-Apollo,210,information technology & services,http://www.bringg.com,http://www.linkedin.com/company/bringg,Tel Aviv-Yafo,Tel Aviv District,40800000,7375,,,
Girikon,Girikon-Apollo,290,information technology & services,http://www.girikon.com,http://www.linkedin.com/company/girikon,Phoenix,Arizona,6500000,7375,,,
CData Software,CData Software-Apollo,490,information technology & services,http://www.cdata.com,http://www.linkedin.com/company/cdatasoftware,Chapel Hill,North Carolina,100000000,7375,,,
VO2 GROUP,VO2 GROUP-Apollo,380,information technology & services,http://www.vo2-group.com,http://www.linkedin.com/company/vo2-group,Paris,Ile-de-France,76000000,7375,,,
OneInfo Consulting,OneInfo Consulting-Apollo,210,information technology & services,http://www.oneinfoconsulting.com,http://www.linkedin.com/company/oneinfo-consulting,Buenos Aires,Autonomous City of Buenos Aires,10000000,7379,,,
Cloud Analogy,Cloud Analogy-Apollo,860,information technology & services,http://www.cloudanalogy.com,http://www.linkedin.com/company/cloudanalogy,Noida,Uttar Pradesh,30100000,7375,,,
Accuris,Accuris-Apollo,750,information technology & services,http://www.accuristech.com,http://www.linkedin.com/company/accurisco,Denver,Colorado,500000000,8731,,,
Yoti,Yoti-Apollo,430,information technology & services,http://www.yoti.com,http://www.linkedin.com/company/yoti-digital-identity,London,England,36000000,7375,,,
Netradyne,Netradyne-Apollo,950,information technology & services,http://www.netradyne.com,http://www.linkedin.com/company/netradyne,San Diego,California,35000000,3731,,,
CSM Technologies,CSM Technologies-Apollo,1500,information technology & services,http://www.csm.tech,http://www.linkedin.com/company/csmtechnologies,Bhubaneshwar,Odisha,233000000,7371,,,
RED Global,RED Global-Apollo,690,staffing & recruiting,http://www.redglobal.com,http://www.linkedin.com/company/red-commerce,London,England,164000000,7375,,,
VAST Data,VAST Data-Apollo,1200,information technology & services,http://www.vastdata.com,http://www.linkedin.com/company/vast-data,Hannibal,Missouri,200000000,3571,,,
BBI,BBI-Apollo,550,information technology & services,http://www.bbinsight.com,http://www.linkedin.com/company/bbinsight,Rolling Meadows,Illinois,,7375,,,
Sg Tech,Sg Tech-Apollo,210,management consulting,http://www.sgtech.tech,http://www.linkedin.com/company/sgtech1,Madrid,Community of Madrid,,7375,,,
Centraprise,Centraprise-Apollo,290,information technology & services,http://www.centraprise.com,http://www.linkedin.com/company/centraprise,Woodbridge Township,New Jersey,41100000,7361,,,
Artlist,Artlist-Apollo,640,information technology & services,http://www.artlist.io,http://www.linkedin.com/company/art-list,New York,New York,7500000,7375,,,
RCA,RCA-Apollo,1600,information technology & services,http://www.rca.fr,http://www.linkedin.com/company/rca-logiciels,Saint-Herblain,Pays de la Loire,40000000,7375,,,
DeepL,DeepL-Apollo,1600,information technology & services,http://www.deepl.com,http://www.linkedin.com/company/deepl,Cologne,North Rhine-Westphalia,185200000,7375,,,
Airolabs.ai,Airolabs.ai-Apollo,310,information technology & services,http://www.airolabs.ai,http://www.linkedin.com/company/airolabsai,Naperville,Illinois,55800000,,,,
Atrium,Atrium-Apollo,320,information technology & services,http://www.atrium.ai,http://www.linkedin.com/company/atrium-ai,Bozeman,Montana,30000000,7375,,,
H1,H1-Apollo,530,information technology & services,http://www.h1.co,http://www.linkedin.com/company/h1co,New York,New York,58100000,7375,,,
PKF Attest,PKF Attest-Apollo,840,management consulting,http://www.pkf-attest.es,http://www.linkedin.com/company/pkf-attest,Bilbao,Basque Country,72000000,8741,,,
Scalo,Scalo-Apollo,660,information technology & services,http://www.scalosoft.com,http://www.linkedin.com/company/scalosoft,Wroclaw,Wojewodztwo dolnoslaskie,45000000,,,,
Nava | Tech for Business,Nava | Tech for Business-Apollo,1400,information technology & services,http://www.nava.com.br,http://www.linkedin.com/company/nava-technology,Barueri,Sao Paulo,65000000,7375,,,
RandomTrees,RandomTrees-Apollo,310,information technology & services,http://www.randomtrees.com,http://www.linkedin.com/company/randomtrees,Houston,Texas,,7375,,,
Neocol,Neocol-Apollo,210,information services,http://www.neocol.com,http://www.linkedin.com/company/neocol,Chicago,Illinois,22400000,7375,,,
Ranosys,Ranosys-Apollo,410,information technology & services,http://www.ranosys.com,http://www.linkedin.com/company/ranosys,Singapore,,50000000,7375,,,
eSimplicity,eSimplicity-Apollo,220,information technology & services,http://www.esimplicity.com,http://www.linkedin.com/company/esimplicity,Silver Spring,Maryland,33700000,,,,
Wing Assistant,Wing Assistant-Apollo,1100,internet,http://www.wingassistant.com,http://www.linkedin.com/company/wingassistant,Berkeley,California,55500000,7389,,,
Adactin,Adactin-Apollo,250,information technology & services,http://www.adactin.com,http://www.linkedin.com/company/adactingroup,Parramatta,New South Wales,35000000,7375,,,
HabileLabs,HabileLabs-Apollo,220,information technology & services,http://www.habilelabs.io,http://www.linkedin.com/company/habilelabs,Jaipur,Rajasthan,11500000,7375,,,
Accelirate Inc.,Accelirate Inc.-Apollo,510,information technology & services,http://www.accelirate.com,http://www.linkedin.com/company/accelirate-inc,Sunrise,Florida,183400000,7375,,,
Teknei,Teknei-Apollo,960,information technology & services,http://www.teknei.com,http://www.linkedin.com/company/teknei-group,Bilbao,Basque Country,108800000,,,,
illion,illion-Apollo,290,information services,http://www.experian.com.au,http://www.linkedin.com/company/illion,Southbank,Victoria,36700000,,,,
360 Degree Cloud,360 Degree Cloud-Apollo,650,information technology & services,http://www.360degreecloud.com,http://www.linkedin.com/company/360-degree-cloud,Los Angeles,California,20224000,7372,,,
Myridius x Aethereus,Myridius x Aethereus-Apollo,210,information technology & services,http://www.aethereus.com,http://www.linkedin.com/company/aethereus-consulting,Pune,Maharashtra,,7375,,,
Quickline Communications Limited,Quickline Communications Limited-Apollo,250,telecommunications,http://www.quickline.co.uk,http://www.linkedin.com/company/quickline-communications-limited,Hull,England,5000000,4812,,,
CapTech,CapTech-Apollo,1100,information technology & services,http://www.captechconsulting.com,http://www.linkedin.com/company/captechconsulting,Richmond,Virginia,200000000,8742,,,
Dentsu Digital,Dentsu Digital-Apollo,710,information technology & services,http://www.dentsudigital.co.jp,http://www.linkedin.com/company/dentsudigital,Minato City,Tokyo,402000000,7311,,,
RIB Software,RIB Software-Apollo,1400,information technology & services,http://www.rib-software.com,http://www.linkedin.com/company/rib-software,Stuttgart,Baden-Wuerttemberg,308460000,7373,,,
Methods,Methods-Apollo,490,information technology & services,http://www.methods.co.uk,http://www.linkedin.com/company/methods,London,England,110000000,7371,,,
Sonatype,Sonatype-Apollo,600,information technology & services,http://www.sonatype.com,http://www.linkedin.com/company/sonatype,Fulton,Maryland,150000000,7375,,,
Centric Consulting,Centric Consulting-Apollo,1400,management consulting,http://www.centricconsulting.com,http://www.linkedin.com/company/centric-consulting,Dayton,Ohio,312900000,"7380, 8742",,,
Bynder,Bynder-Apollo,580,information technology & services,http://www.bynder.com,http://www.linkedin.com/company/bynder,Amsterdam,North Holland,130000000,7374,,,
Experis España,Experis España-Apollo,430,information technology & services,http://www.experis.es,http://www.linkedin.com/company/experis-espana,Madrid,Community of Madrid,117000000,7361,,,
ASSYST,ASSYST-Apollo,290,information technology & services,http://www.assyst.net,http://www.linkedin.com/company/assyst,Sterling,Virginia,100000000,7375,,,
Web Synergies,Web Synergies-Apollo,540,information technology & services,http://www.websynergies.com,http://www.linkedin.com/company/web-synergies,Singapore,,30000000,7375,,,
Thunder,Thunder-Apollo,330,information technology & services,http://www.thundersf.com,http://www.linkedin.com/company/thundersf,San Francisco,California,87700000,7375,,,
ília,ília-Apollo,510,information technology & services,http://www.ilia.digital,http://www.linkedin.com/company/ilia-digital,Sao Paulo,State of Sao Paulo,,7375,,,
Redwood Software,Redwood Software-Apollo,750,information technology & services,http://www.redwood.com,http://www.linkedin.com/company/redwood-software,Frisco,Texas,76700000,7375,,,
Elfonze Technologies,Elfonze Technologies-Apollo,270,information technology & services,http://www.elfonze.com,http://www.linkedin.com/company/elfonzetechnologies,Bengaluru,Karnataka,16500000,,,,
ARIS,ARIS-Apollo,340,information technology & services,http://www.aris.com,http://www.linkedin.com/company/aris-community,Saarbruecken,Saarland,32500000,7375,,,
Regnology,Regnology-Apollo,1200,information technology & services,http://www.regnology.net,http://www.linkedin.com/company/regnology,Frankfurt,Hesse,237500000,7375,,,
Superside,Superside-Apollo,920,design,http://www.superside.com,http://www.linkedin.com/company/superside,Wilmington,Delaware,44900000,7375,,,
Couchbase,Couchbase-Apollo,900,information technology & services,http://www.couchbase.com,http://www.linkedin.com/company/couchbase,San Jose,California,220639000,3571,,,
Ontra,Ontra-Apollo,470,information technology & services,http://www.ontra.ai,http://www.linkedin.com/company/ontra-ai,San Francisco,California,12000000,7375,,,
NRI Australia & New Zealand,NRI Australia & New Zealand-Apollo,740,information technology & services,http://www.nri-anz.com,http://www.linkedin.com/company/nri-anz,Sydney,New South Wales,700000000,7375,,,
Mavlers,Mavlers-Apollo,450,information technology & services,http://www.mavlers.com,http://www.linkedin.com/company/mavlers,San Jose,California,,,,,
Cloud Odyssey,Cloud Odyssey-Apollo,370,information technology & services,http://www.cloudodyssey.com,http://www.linkedin.com/company/cloudodysseyofficial,London,England,56200000,7375,,,
Decagon,Decagon-Apollo,310,information technology & services,http://www.decagon.ai,http://www.linkedin.com/company/decagon-ai,San Francisco,California,6000000,7375,,,
Gruve,Gruve-Apollo,480,information technology & services,http://www.gruve.ai,http://www.linkedin.com/company/gruveai,Redwood City,California,24400000,3571,,,
CoreSite,CoreSite-Apollo,670,information technology & services,http://www.coresite.com,http://www.linkedin.com/company/coresite,Denver,Colorado,638600000,6732,,,
ZeroFox,ZeroFox-Apollo,890,computer & network security,http://www.zerofox.com,http://www.linkedin.com/company/zerofox,Baltimore,Maryland,50000000,7375,,,
symplr,symplr-Apollo,1600,information technology & services,http://www.symplr.com,http://www.linkedin.com/company/symplr,Houston,Texas,201100000,7375,,,
Imagemaker,Imagemaker-Apollo,460,information technology & services,http://www.imagemaker.com,http://www.linkedin.com/company/imagemaker,Providencia,Santiago Metropolitan Region,50000000,,,,
USM Business Systems,USM Business Systems-Apollo,580,information technology & services,http://www.usmsystems.com,http://www.linkedin.com/company/usm-business-systems,Hyderabad,Telangana,22549000,7375,,,
Genzeon,Genzeon-Apollo,510,information technology & services,http://www.genzeon.com,http://www.linkedin.com/company/genzeon,Exton,Pennsylvania,75000000,7375,,,
Goodman Masson,Goodman Masson-Apollo,270,staffing & recruiting,http://www.goodmanmasson.com,http://www.linkedin.com/company/goodman-masson,,England,66000000,7361,,,
"Q1 Technologies, Inc.","Q1 Technologies, Inc.-Apollo",230,information technology & services,http://www.q1tech.com,http://www.linkedin.com/company/q1tech,Aurora,Illinois,30000000,7375,,,
Acro Service Corp,Acro Service Corp-Apollo,620,staffing & recruiting,http://www.acrocorp.com,http://www.linkedin.com/company/acro-service-corp,Livonia,Michigan,750000000,7361,,,
GoCardless,GoCardless-Apollo,620,information technology & services,http://www.gocardless.com,http://www.linkedin.com/company/gocardless,London,England,160000000,7389,,,
Russell Tobin,Russell Tobin-Apollo,910,staffing & recruiting,http://www.russelltobin.com,http://www.linkedin.com/company/russell-tobin-&-associates-llc,New York,New York,6200000,7361,,,
Asana,Asana-Apollo,1900,information technology & services,http://www.asana.com,http://www.linkedin.com/company/asana,San Francisco,California,723876000,7374,,,
RSC Solutions,RSC Solutions-Apollo,240,management consulting,http://www.rsc.com,http://www.linkedin.com/company/rsc-solutions,Rockleigh,New Jersey,36800000,,,,
Quinnox,Quinnox-Apollo,1500,information technology & services,http://www.quinnox.com,http://www.linkedin.com/company/quinnoxinc,Chicago,Illinois,213900000,7371,,,
Visionary Integration Professionals (VIP),Visionary Integration Professionals (VIP)-Apollo,220,information technology & services,http://www.trustvip.com,http://www.linkedin.com/company/visionary-integration-professionals-vip-,Rancho Cordova,California,31600000,7375,,,
The Ksquare Group,The Ksquare Group-Apollo,330,information technology & services,http://www.theksquaregroup.com,http://www.linkedin.com/company/theksquaregroup,Irving,Texas,47900000,7375,,,
CMSS,CMSS-Apollo,370,information technology & services,http://www.cmss.in,http://www.linkedin.com/company/cmss,Mumbai,Maharashtra,,7375,,,
Indigo,Indigo-Apollo,630,telecommunications,http://www.indigotg.com,http://www.linkedin.com/company/indigotelecomgroup,,Wales,18000000,3661,,,
Excelia,Excelia-Apollo,330,information technology & services,http://www.excelia.com,http://www.linkedin.com/company/excelia,Pozuelo de Alarcon,Community of Madrid,26000000,7375,,,
Saicon,Saicon-Apollo,250,information technology & services,http://www.saiconinc.com,http://www.linkedin.com/company/saicon,Overland Park,Kansas,37000000,7375,,,
"Omega CRM, A Merkle Company","Omega CRM, A Merkle Company-Apollo",650,information technology & services,http://www.omegacrmconsulting.com,http://www.linkedin.com/company/omega-crm-consulting,Madrid,Community of Madrid,114700000,7375,,,
JRD Systems,JRD Systems-Apollo,250,information technology & services,http://www.jrdsi.com,http://www.linkedin.com/company/jrd-systems,Clinton Township,Michigan,34280000,7375,,,
Apps Associates,Apps Associates-Apollo,1500,information technology & services,http://www.appsassociates.com,http://www.linkedin.com/company/apps-associates,Acton,Massachusetts,96000000,7375,,,
GuidePoint Security,GuidePoint Security-Apollo,1100,information technology & services,http://www.guidepointsecurity.com,http://www.linkedin.com/company/guidepointsec,Reston,Virginia,194500000,7371,,,
Entelgy,Entelgy-Apollo,1900,information technology & services,http://www.entelgy.com,http://www.linkedin.com/company/entelgy,Madrid,Community of Madrid,107000000,7375,,,
Vinove Software and Services,Vinove Software and Services-Apollo,370,information technology & services,http://www.vinove.com,http://www.linkedin.com/company/vinove,Noida,Uttar Pradesh,62500000,7375,,,
Trinetix,Trinetix-Apollo,920,information technology & services,http://www.trinetix.com,http://www.linkedin.com/company/trinetix-inc,Brentwood,Tennessee,24557000,7375,,,
SOUTH SYSTEM,SOUTH SYSTEM-Apollo,260,information technology & services,http://www.southsystem.com.br,http://www.linkedin.com/company/south-system,,Rio Grande do Sul,,7375,,,
KPG99 INC,KPG99 INC-Apollo,220,information technology & services,http://www.kpg99.com,http://www.linkedin.com/company/kpg-99-inc-,Hamilton Township,New Jersey,45062000,7361,,,
The Icon Group,The Icon Group-Apollo,260,information technology & services,http://www.iconresources.com,http://www.linkedin.com/company/icon-resources-technologies,Singapore,,10000000,7371,,,
Everymind,Everymind-Apollo,450,information technology & services,http://www.everymind.uol,http://www.linkedin.com/company/everymind-uol,Sao Paulo,State of Sao Paulo,,7375,,,
LogicGate,LogicGate-Apollo,250,information technology & services,http://www.logicgate.com,http://www.linkedin.com/company/logic-gate,Chicago,Illinois,49000000,7375,,,
Hostaway,Hostaway-Apollo,280,information technology & services,http://www.hostaway.com,http://www.linkedin.com/company/hostaway,Helsinki,Uusimaa,43300000,7375,,,
Alpha Omega,Alpha Omega-Apollo,580,information technology & services,http://www.alphaomega.com,http://www.linkedin.com/company/alpha-omega-integration-llc,Vienna,Virginia,240000000,7375,,,
Forte Group,Forte Group-Apollo,900,information technology & services,http://www.fortegrp.com,http://www.linkedin.com/company/fortegroup,Boca Raton,Florida,20000000,7371,,,
Onwelo,Onwelo-Apollo,310,information technology & services,http://www.onwelo.com,http://www.linkedin.com/company/onwelo,Warszawa,woj. mazowieckie,,7375,,,
automotiveMastermind Inc.,automotiveMastermind Inc.-Apollo,340,information technology & services,http://www.automotivemastermind.com,http://www.linkedin.com/company/automotivemastermind-llc,New York,New York,68006000,7375,,,
GUARANI,GUARANI-Apollo,290,information technology & services,http://www.guarani.fr,http://www.linkedin.com/company/guarani-fr,Lyon,Auvergne-Rhone-Alpes,31000000,7375,,,
BPM LLP,BPM LLP-Apollo,1900,management consulting,http://www.bpm.com,http://www.linkedin.com/company/bpmllp,San Francisco,California,242000000,8721,,,
TPx,TPx-Apollo,1500,information technology & services,http://www.tpx.com,http://www.linkedin.com/company/tpx-communications,Austin,Texas,683900000,7375,,,
Kenect,Kenect-Apollo,240,information technology & services,http://www.kenect.com,http://www.linkedin.com/company/kenect,Pleasant Grove,Utah,40000000,7389,,,
Expereo,Expereo-Apollo,480,information technology & services,http://www.expereo.com,http://www.linkedin.com/company/expereo,Amsterdam,Noord-Holland,450000000,7375,,,
"Aezion, Inc","Aezion, Inc-Apollo",210,information technology & services,http://www.aezion.com,http://www.linkedin.com/company/aezion,Frisco,Texas,26000000,7371,,,
Aceolution,Aceolution-Apollo,320,information technology & services,http://www.aceolution.com,http://www.linkedin.com/company/aceolution,Franklin Township,New Jersey,18900000,7375,,,
Ampstek,Ampstek-Apollo,300,information technology & services,http://www.ampstek.com,http://www.linkedin.com/company/ampstek,Princeton,New Jersey,47400000,7371,,,
Aubay Spain,Aubay Spain-Apollo,470,information technology & services,http://www.aubay.es,http://www.linkedin.com/company/aubay-spain,Madrid,Community of Madrid,563000000,7375,,,
Exavalu,Exavalu-Apollo,390,information technology & services,http://www.exavalu.com,http://www.linkedin.com/company/exavalu-inc,Newport Beach,California,89900000,8742,,,
Owner.com,Owner.com-Apollo,540,information technology & services,http://www.owner.com,http://www.linkedin.com/company/owner-com,San Francisco,California,80560000,7375,,,
Catalyte,Catalyte-Apollo,270,information technology & services,http://www.catalyte.io,http://www.linkedin.com/company/catalyteio,Baltimore,Maryland,18804000,7375,,,
Zühlke Group,Zühlke Group-Apollo,1600,information technology & services,http://www.zuehlke.com,http://www.linkedin.com/company/zuehlkegroup,Schlieren,Zurich,257684000,7375,,,
SIXT Research & Development India,SIXT Research & Development India-Apollo,290,information technology & services,http://www.sixtindia.co.in,http://www.linkedin.com/company/sixt-research-development-india,Bengaluru,Karnataka,46100000,7375,,,
HENNGE,HENNGE-Apollo,320,information technology & services,http://www.hennge.com,http://www.linkedin.com/company/hennge,Shibuya City,Tokyo,73879000,7375,,,
DVI Solutions Asia,DVI Solutions Asia-Apollo,220,information technology & services,http://www.dviasia.com,http://www.linkedin.com/company/dvi-solutions-asia,Singapore,,5500000,3571,,,
ITJ,ITJ-Apollo,270,information technology & services,http://www.itj.com,http://www.linkedin.com/company/itj,San Marcos,California,42400000,7375,,,
"Leapfrog Technology, Inc.","Leapfrog Technology, Inc.-Apollo",470,information technology & services,http://www.lftechnology.com,http://www.linkedin.com/company/lftechnology,Seattle,Washington,86600000,7375,,,
Acronis,Acronis-Apollo,2000,information technology & services,http://www.acronis.com,http://www.linkedin.com/company/acronis,Schaffhausen,Schaffhausen,334000000,7375,,,
"Sira Consulting, an Inc 5000 company","Sira Consulting, an Inc 5000 company-Apollo",340,information technology & services,http://www.siraconsultinginc.com,http://www.linkedin.com/company/siraconsulting,Houston,Texas,12700000,7375,,,
ProcDNA,ProcDNA-Apollo,230,management consulting,http://www.procdna.com,http://www.linkedin.com/company/procdna,South San Francisco,California,85800000,8731,,,
G10X,G10X-Apollo,630,information technology & services,http://www.g10x.com,http://www.linkedin.com/company/g10xtech,Irvine,California,,7375,,,
Horizontal Digital,Horizontal Digital-Apollo,520,information technology & services,http://www.horizontaldigital.com,http://www.linkedin.com/company/horizontal-digital,Saint Louis Park,Minnesota,,7375,,,
Cresta,Cresta-Apollo,560,information technology & services,http://www.cresta.com,http://www.linkedin.com/company/cresta-inc,Sunnyvale,California,52000000,7375,,,
Tekgeminus,Tekgeminus-Apollo,230,information technology & services,http://www.tekgeminus.com,http://www.linkedin.com/company/tekgeminus,Pune,Maharashtra,,7375,,,
Sky Solutions,Sky Solutions-Apollo,220,information technology & services,http://www.skysolutions.com,http://www.linkedin.com/company/sky-solutions-us,Vienna,Virginia,29700000,7375,,,
Dialpad,Dialpad-Apollo,1300,information technology & services,http://www.dialpad.com,http://www.linkedin.com/company/dialpad,San Ramon,California,300000000,7375,,,
Infopro Digital,Infopro Digital-Apollo,1700,information technology & services,http://www.infopro-digital.com,http://www.linkedin.com/company/infopro-digital,Gentilly,Ile-de-France,698000000,7380,,,
"MaxVal Group, Inc.","MaxVal Group, Inc.-Apollo",740,information technology & services,http://www.maxval.com,http://www.linkedin.com/company/maxval-group-inc.,Los Altos,California,47400000,7375,,,
Amaze Systems,Amaze Systems-Apollo,650,information technology & services,http://www.amaze-systems.com,http://www.linkedin.com/company/amaze-systems,Dallas,Texas,18300000,7375,,,
SQUIRE,SQUIRE-Apollo,220,information technology & services,http://www.getsquire.com,http://www.linkedin.com/company/squ%c4%abr-technologies,New York,New York,102500000,7372,,,
GuruSchools LLC,GuruSchools LLC-Apollo,350,information technology & services,http://www.guruschools.com,http://www.linkedin.com/company/guruschools,Princeton,New Jersey,,8299,,,
Trustpilot,Trustpilot-Apollo,990,information technology & services,http://www.trustpilot.com,http://www.linkedin.com/company/trustpilot,Kobenhavn,,210751000,7375,,,
Atlantic Technologies,Atlantic Technologies-Apollo,310,information technology & services,http://www.atlantic-technologies.com,http://www.linkedin.com/company/atlantictechnologies,Milano,Lombardia,31000000,7375,,,
Aubay Portugal,Aubay Portugal-Apollo,1200,information technology & services,http://www.aubay.pt,http://www.linkedin.com/company/aubay-portugal,Lisbon,Lisbon,,7371,,,
TTEC Digital,TTEC Digital-Apollo,1800,information technology & services,http://www.ttecdigital.com,http://www.linkedin.com/company/ttec-digital,Austin,Texas,459018000,7375,,,
Solu,Solu-Apollo,230,management consulting,http://www.wearesolu.com,http://www.linkedin.com/company/wearesolu,Buenos Aires,Autonomous City of Buenos Aires,,7375,,,
ENT - Ericsson Nikola Tesla,ENT - Ericsson Nikola Tesla-Apollo,900,information technology & services,http://www.ericssonnikolatesla.com,http://www.linkedin.com/company/ericssonnikolatesla,Zagreb,City of Zagreb,260000000,3661,,,
株式会社LegalOn Technologies,株式会社LegalOn Technologies-Apollo,600,information technology & services,http://www.legalontech.jp,http://www.linkedin.com/company/legalontech,Shibuya,Tokyo,66000000,7389,,,
Motivus,Motivus-Apollo,730,information technology & services,http://www.motivus.com,http://www.linkedin.com/company/motivustech,Irving,Texas,,7375,,,
Atomic North,Atomic North-Apollo,220,information technology & services,http://www.atomicnorth.com,http://www.linkedin.com/company/officialatomicnorth,Noida,Uttar Pradesh,27089000,7371,,,
Yochana,Yochana-Apollo,380,information technology & services,http://www.yochana.com,http://www.linkedin.com/company/yochana,Farmington Hills,Michigan,85000000,7361,,,
Easi,Easi-Apollo,600,information technology & services,http://www.easi.net,http://www.linkedin.com/company/easi,Nivelles,Walloon Region,106000000,,,,
Kiteworks,Kiteworks-Apollo,350,information technology & services,http://www.kiteworks.com,http://www.linkedin.com/company/kiteworkscgcp,San Mateo,California,130000000,7375,,,
Blue Acorn iCi,Blue Acorn iCi-Apollo,310,information technology & services,http://www.blueacornici.com,http://www.linkedin.com/company/blue-acorn-ici,Charleston,South Carolina,70000000,7375,,,
KCS iT,KCS iT-Apollo,370,information technology & services,http://www.kcsit.pt,http://www.linkedin.com/company/kcsit,Lisbon,Lisbon,23000000,7371,,,
Ibotta,Ibotta-Apollo,890,information technology & services,http://www.ibotta.com,http://www.linkedin.com/company/ibotta-inc-,Denver,Colorado,342389000,7372,,,
Accellor,Accellor-Apollo,280,information technology & services,http://www.accellor.com,http://www.linkedin.com/company/accellor,Fremont,California,15000000,7375,,,
Talkdesk,Talkdesk-Apollo,1300,information technology & services,http://www.talkdesk.com,http://www.linkedin.com/company/talkdesk,San Francisco,California,420100000,7375,,,
Millennium Systems International,Millennium Systems International-Apollo,240,information technology & services,http://www.meevo.com,http://www.linkedin.com/company/millennium-systems-international,Parsippany-Troy Hills,New Jersey,50000000,7375,,,
E-Solutions,E-Solutions-Apollo,1900,information technology & services,http://www.e-solutionsinc.com,http://www.linkedin.com/company/e-solutions-inc,San Jose,California,510500000,7375,,,
Zaelab,Zaelab-Apollo,390,management consulting,http://www.zaelab.com,http://www.linkedin.com/company/zaelab,Westport,Connecticut,26300000,7375,,,
Mindex,Mindex-Apollo,260,information technology & services,http://www.mindex.com,http://www.linkedin.com/company/mindex,Rochester,New York,12000000,7375,,,
DynPro Inc.,DynPro Inc.-Apollo,610,information technology & services,http://www.dynpro.com,http://www.linkedin.com/company/dynpro-inc,Raleigh,North Carolina,100000000,7379,,,
"Azuga, Inc.","Azuga, Inc.-Apollo",1100,information technology & services,http://www.azuga.com,http://www.linkedin.com/company/azuga-inc-,San Jose,California,170000000,7359,,,
PartsSource Inc.,PartsSource Inc.-Apollo,570,information technology & services,http://www.partssource.com,http://www.linkedin.com/company/partssource-inc,Aurora,Ohio,239700000,5045,,,
"Y&L Consulting, Inc.","Y&L Consulting, Inc.-Apollo",210,information technology & services,http://www.ylconsulting.com,http://www.linkedin.com/company/y&l-consulting,San Antonio,Texas,10000000,7371,,,
Canonical,Canonical-Apollo,1800,information technology & services,http://www.canonical.com,http://www.linkedin.com/company/canonical,London,England,292000000,3571,,,
V2Solutions,V2Solutions-Apollo,810,information technology & services,http://www.v2solutions.com,http://www.linkedin.com/company/v2solutions,Santa Clara,California,214800000,7375,,,
Scale Computing,Scale Computing-Apollo,290,information technology & services,http://www.scalecomputing.com,http://www.linkedin.com/company/scalecomputing,Austin,Texas,52627000,3571,,,
emagine,emagine-Apollo,2000,information technology & services,http://www.emagine.org,http://www.linkedin.com/company/emagine,Copenhagen,Capital Region of Denmark,,7375,,,
Info-Tech Research Group,Info-Tech Research Group-Apollo,1800,information technology & services,http://www.infotech.com,http://www.linkedin.com/company/info-tech-research-group,London,California,243000000,7375,,,
Solutis Tecnologias,Solutis Tecnologias-Apollo,1200,information technology & services,http://www.solutis.com.br,http://www.linkedin.com/company/solutis-tecnologias,Sao Paulo,State of Sao Paulo,,7375,,,
Synpulse,Synpulse-Apollo,1200,management consulting,http://www.synpulse.com,http://www.linkedin.com/company/synpulsemc,Zurich,Zurich,374500000,8742,,,
Unbabel,Unbabel-Apollo,710,information technology & services,http://www.unbabel.com,http://www.linkedin.com/company/unbabel,San Francisco,California,401000000,7375,,,
D-ploy GmbH,D-ploy GmbH-Apollo,550,information technology & services,http://www.d-ploy.ch,http://www.linkedin.com/company/we-d-ploy-you-n-joy,Kaiseraugst,Aargau,,7375,,,
HHAeXchange,HHAeXchange-Apollo,1200,information technology & services,http://www.hhaexchange.com,http://www.linkedin.com/company/hhaexchange,New York,New York,250000000,7375,,,
Tudip Technologies,Tudip Technologies-Apollo,600,information technology & services,http://www.tudip.com,http://www.linkedin.com/company/tudip-technologies-pvt-ltd,Pune,Maharashtra,11000000,7371,,,
NoA Ignite,NoA Ignite-Apollo,450,information technology & services,http://www.noaignite.com,http://www.linkedin.com/company/noa-ignite,Stockholm,Stockholm County,5708000,7380,,,
Forsys Inc,Forsys Inc-Apollo,550,management consulting,http://www.forsysinc.com,http://www.linkedin.com/company/forsysinc,Milpitas,California,8400000,7375,,,
Fides,Fides-Apollo,370,information technology & services,http://www.fidesgroup.com,http://www.linkedin.com/company/fides-consulting-s-r-l,Naples,Campania,,,,,
GeoComply,GeoComply-Apollo,590,information technology & services,http://www.geocomply.com,http://www.linkedin.com/company/geocomply,Vancouver,British Columbia,56000000,7375,,,
Integrity360,Integrity360-Apollo,450,information technology & services,http://www.integrity360.com,http://www.linkedin.com/company/integrity360,,,174000000,7374,,,
CEI,CEI-Apollo,1800,information technology & services,http://www.ceiamerica.com,http://www.linkedin.com/company/cei-ceiamerica-com,Pittsburgh,Pennsylvania,111000000,7375,,,
Jump,Jump-Apollo,340,information technology & services,http://www.jump.tec.br,http://www.linkedin.com/company/jump-label,Sao Paulo,State of Sao Paulo,,7375,,,
Sitetracker,Sitetracker-Apollo,420,information technology & services,http://www.sitetracker.com,http://www.linkedin.com/company/sitetracker,Montclair,New Jersey,75000000,3531,,,
CloudKaptan,CloudKaptan-Apollo,310,information technology & services,http://www.cloudkaptan.com,http://www.linkedin.com/company/cloudkaptan,Rajarhat,West Bengal,,7375,,,
Centelon Solutions,Centelon Solutions-Apollo,340,information technology & services,http://www.centelonsolutions.com,http://www.linkedin.com/company/centelonsolutions,Melbourne,Victoria,61400000,7375,,,
CirrusLabs,CirrusLabs-Apollo,300,information technology & services,http://www.cirruslabs.io,http://www.linkedin.com/company/cirruslabs,Alpharetta,Georgia,50000000,7375,,,
Info Services,Info Services-Apollo,410,information technology & services,http://www.infoservices.com,http://www.linkedin.com/company/infoservicesllc,Livonia,Michigan,30341000,7375,,,
Quantum World Technologies Inc.,Quantum World Technologies Inc.-Apollo,650,information technology & services,http://www.quantumworldit.com,http://www.linkedin.com/company/quantumworldtech,Los Alamitos,California,51300000,7375,,,
NeuraFlash,NeuraFlash-Apollo,500,information technology & services,http://www.neuraflash.com,http://www.linkedin.com/company/neuraflash,Burlington,Massachusetts,81100000,7375,,,
Doximity,Doximity-Apollo,830,information technology & services,http://www.doximity.com,http://www.linkedin.com/company/doximity,San Francisco,California,570399000,7375,,,
Multiverse,Multiverse-Apollo,1300,information technology & services,http://www.multiverse.io,http://www.linkedin.com/company/joinmultiverse,,England,103000000,8299,,,
Spyrosoft,Spyrosoft-Apollo,1700,information technology & services,http://www.spyro-soft.com,http://www.linkedin.com/company/spyrosoft,Wroclaw,Wojewodztwo dolnoslaskie,113561000,7375,,,
Grupo TECDATA Engineering,Grupo TECDATA Engineering-Apollo,320,information technology & services,http://www.tecdata.es,http://www.linkedin.com/company/grupo-tecdata-engineering,Madrid,Community of Madrid,,7375,,,
Front,Front-Apollo,530,information technology & services,http://www.front.com,http://www.linkedin.com/company/fronthq,San Francisco,California,100000000,7375,,,
SMS-Magic,SMS-Magic-Apollo,300,information technology & services,http://www.sms-magic.com,http://www.linkedin.com/company/screen-magic-media,Henderson,Nevada,32700000,7375,,,
Maruti Techlabs,Maruti Techlabs-Apollo,260,information technology & services,http://www.marutitech.com,http://www.linkedin.com/company/maruti-techlabs-pvt-ltd,Ahmedabad,Gujarat,236000,7375,,,
Teqfocus,Teqfocus-Apollo,210,information technology & services,http://www.teqfocus.com,http://www.linkedin.com/company/teqfocusconsultingllc,Sacramento,California,5000000,7375,,,
atmira,atmira-Apollo,810,information technology & services,http://www.atmira.com,http://www.linkedin.com/company/atmira,Madrid,Community of Madrid,52000000,7375,,,
Aquiva Labs,Aquiva Labs-Apollo,220,information technology & services,http://www.aquivalabs.com,http://www.linkedin.com/company/aquiva-labs,Orlando,Florida,32100000,7375,,,
EverCommerce,EverCommerce-Apollo,2000,information technology & services,http://www.evercommerce.com,http://www.linkedin.com/company/evercommerce,Denver,Colorado,612753000,7375,,,
Riveron,Riveron-Apollo,1400,management consulting,http://www.riveron.com,http://www.linkedin.com/company/riveron,Dallas,Texas,170000000,8742,,,
NATEEVO,NATEEVO-Apollo,430,management consulting,http://www.nateevo.com,http://www.linkedin.com/company/nateevo,Alcobendas,Community of Madrid,16700000,7375,,,
Tekgence Inc,Tekgence Inc-Apollo,390,information technology & services,http://www.tekgence.com,http://www.linkedin.com/company/tekgence-inc,Irving,Texas,8700000,7361,,,
Buildots,Buildots-Apollo,240,information technology & services,http://www.buildots.com,http://www.linkedin.com/company/buildots,Tel Aviv-Yafo,Tel Aviv District,43700000,1542,,,
Lorven Technologies Inc.,Lorven Technologies Inc.-Apollo,380,information technology & services,http://www.lorventech.com,http://www.linkedin.com/company/lorventech,Plainsboro Township,New Jersey,9009000,7375,,,
Radiant Digital,Radiant Digital-Apollo,260,information technology & services,http://www.radiant.digital,http://www.linkedin.com/company/radiant-digital-solutions,Vienna,Virginia,10200000,7375,,,
Cox Automotive Europe,Cox Automotive Europe-Apollo,1200,information technology & services,http://www.coxautoinc.eu,http://www.linkedin.com/company/coxautomotiveeurope,Leeds,England,,7359,,,
Jobvite,Jobvite-Apollo,300,information technology & services,http://www.jobvite.com,http://www.linkedin.com/company/jobvite,Denver,Colorado,92300000,7375,,,
OSI Digital,OSI Digital-Apollo,1400,information technology & services,http://www.osidigital.com,http://www.linkedin.com/company/osidigital,Calabasas,California,265700000,7375,,,
MuleSoft,MuleSoft-Apollo,1500,information technology & services,http://www.mulesoft.com,http://www.linkedin.com/company/mulesoft,San Francisco,California,452700000,7375,,,
Novare,Novare-Apollo,850,information technology & services,http://www.novare.com.ph,http://www.linkedin.com/company/mdinovare,Taguig,Metro Manila,,7375,,,
LINK Mobility,LINK Mobility-Apollo,670,telecommunications,http://www.linkmobility.com,http://www.linkedin.com/company/linkmobility-group,Oslo,Oslo,703105000,7375,,,
Zoopla,Zoopla-Apollo,410,information technology & services,http://www.zoopla.co.uk,http://www.linkedin.com/company/zoopla,,England,117232000,6531,,,
Ksolves India Limited,Ksolves India Limited-Apollo,510,information technology & services,http://www.ksolves.com,http://www.linkedin.com/company/ksolves,Sheridan,Wyoming,16087000,7375,,,
Plusoft,Plusoft-Apollo,360,information technology & services,http://www.plusoft.com,http://www.linkedin.com/company/plusoft,Sao Paulo,State of Sao Paulo,,7375,,,
"Tangent Solutions, Inc.","Tangent Solutions, Inc.-Apollo",220,information technology & services,http://www.tangentsolutionsinc.com,http://www.linkedin.com/company/tangentsolutionsinc,Pasig,Metro Manila,,7375,,,
Edenred Digital Center Bucharest,Edenred Digital Center Bucharest-Apollo,300,information technology & services,http://www.edenred-digitalcenter.com,http://www.linkedin.com/company/edenred-digital-center,Bucharest,Bucharest,,7375,,,
VLink Inc,VLink Inc-Apollo,580,information technology & services,http://www.vlinkinfo.com,http://www.linkedin.com/company/vlink-inc,South Windsor,Connecticut,72315000,7371,,,
Level Access,Level Access-Apollo,530,information technology & services,http://www.levelaccess.com,http://www.linkedin.com/company/level-access,Stafford,Virginia,100000000,7375,,,
conet,conet-Apollo,2000,information technology & services,http://www.conet.de,http://www.linkedin.com/company/conet-group,Bonn,North Rhine-Westphalia,330000000,7375,,,
Quadrafort Technologies,Quadrafort Technologies-Apollo,250,information technology & services,http://www.quadrafort.com,http://www.linkedin.com/company/quadrafort-technologies,Noida,Uttar Pradesh,,7375,,,
Smartsourcing,Smartsourcing-Apollo,490,outsourcing/offshoring,http://www.smartsourcing.co,http://www.linkedin.com/company/smartsourcingco,Melbourne,Victoria,55500000,7375,,,
Natuvion,Natuvion-Apollo,480,information technology & services,http://www.natuvion.com,http://www.linkedin.com/company/natuvion,Walldorf,Baden-Wuerttemberg,39575000,7375,,,
VySystems,VySystems-Apollo,570,information technology & services,http://www.vysystems.com,http://www.linkedin.com/company/vysystems,Santa Clara,California,98100000,7375,,,
Aventra Group,Aventra Group-Apollo,320,information technology & services,http://www.aventragroup.com,http://www.linkedin.com/company/aventra-group,Kuala Lumpur,Federal Territory of Kuala Lumpur,,7375,,,
FEXLE Services Private Limited,FEXLE Services Private Limited-Apollo,220,information technology & services,http://www.fexle.com,http://www.linkedin.com/company/fexle-services-private-limited,Jaipur,Rajasthan,3200000,7375,,,
Weave,Weave-Apollo,860,information technology & services,http://www.getweave.com,http://www.linkedin.com/company/getweave,Lehi,Utah,239024000,8090,,,
Ascend Technologies,Ascend Technologies-Apollo,320,information technology & services,http://www.teamascend.com,http://www.linkedin.com/company/teamascend,Chicago,Illinois,35000000,7371,,,
abra,abra-Apollo,890,information technology & services,http://www.abra-it.com,http://www.linkedin.com/company/abra-it,Ra'anana,,121757000,7375,,,
T4S Advance,T4S Advance-Apollo,240,information technology & services,http://www.t4sadvance.com,http://www.linkedin.com/company/t4s-advance-solutions,Madrid,Comunidad de Madrid,,,,,
Digile,Digile-Apollo,310,information technology & services,http://www.digile.com,http://www.linkedin.com/company/digiletechnologies,Singapore,,10000000,7375,,,
Filevine,Filevine-Apollo,600,information technology & services,http://www.filevine.com,http://www.linkedin.com/company/filevine,Salt Lake City,Utah,105000000,7375,,,
enGen,enGen-Apollo,1200,information technology & services,http://www.goengen.com,http://www.linkedin.com/company/engenhealthtech,Pittsburgh,Pennsylvania,1200000000,7375,,,
Tinexta Infocert,Tinexta Infocert-Apollo,400,information technology & services,http://www.infocert.it,http://www.linkedin.com/company/tinexta-infocert,Rome,Lazio,191000000,7375,,,
Futran Solutions,Futran Solutions-Apollo,300,information technology & services,http://www.futransolutions.com,http://www.linkedin.com/company/futransolutionsinc,Edison,New Jersey,168900000,7375,,,
paradigm.brussels,paradigm.brussels-Apollo,520,information technology & services,http://www.be.brussels,http://www.linkedin.com/company/paradigm-bru,Saint-Josse-ten-Noode,Brussels,,9199,,,
Aceve,Aceve-Apollo,250,information technology & services,http://www.aceve.com,http://www.linkedin.com/company/aceve,Stockholm,Stockholm County,117000000,7375,,,
AND Digital,AND Digital-Apollo,1100,information technology & services,http://www.and.digital,http://www.linkedin.com/company/and_digital,Maidenhead,England,169000000,7371,,,
